0,Наименование вида расходов,Направление расходов,Дата платежа,Отнесено
1,Электроэнергия,"134.1000.01 ДГУ. Оплата за электроэнергию по тарифам  ул.Мордовцева, 6",03 2022,19989.438
2,Электроэнергия,"134.1000.01 ДГУ. Оплата за электроэнергию по тарифам  ул.Мордовцева, 6",04 2022,19985.957
3,Электроэнергия,"134.1000.01 ДГУ. Оплата за электроэнергию по тарифам  ул.Мордовцева, 6",05 2022,19982.475
4,Электроэнергия,"134.1000.01 ДГУ. Оплата за электроэнергию по тарифам  ул.Мордовцева, 6",06 2022,19978.992
5,Электроэнергия,"134.1000.01 ДГУ. Оплата за электроэнергию по тарифам  ул.Мордовцева, 6",07 2022,4861.4688
6,Электроэнергия,"134.1000.01 ДГУ. Оплата за электроэнергию по тарифам  ул.Мордовцева, 6",08 2022,4865.3564
7,Электроэнергия,"134.1000.01 ДГУ. Оплата за электроэнергию по тарифам  ул.Мордовцева, 6",09 2022,4869.246
8,Электроэнергия,"134.1000.01 ДГУ. Оплата за электроэнергию по тарифам  ул.Мордовцева, 6",10 2022,11023.058
9,Электроэнергия,"134.1000.01 ДГУ. Оплата за электроэнергию по тарифам  ул.Мордовцева, 6",12 2022,11000.038
10,Электроэнергия,"134.1000.01 ДГУ. Оплата за электроэнергию по тарифам  ул.Светланская, 111",02 2022,100403.47
11,Электроэнергия,"134.1000.01 ДГУ. Оплата за электроэнергию по тарифам  ул.Светланская, 111",03 2022,100390.42
12,Электроэнергия,"134.1000.01 ДГУ. Оплата за электроэнергию по тарифам  ул.Светланская, 111",04 2022,100377.37
13,Электроэнергия,"134.1000.01 ДГУ. Оплата за электроэнергию по тарифам  ул.Светланская, 111",05 2022,100364.336
14,Электроэнергия,"134.1000.01 ДГУ. Оплата за электроэнергию по тарифам  ул.Светланская, 111",06 2022,100351.27
15,Электроэнергия,"134.1000.01 ДГУ. Оплата за электроэнергию по тарифам  ул.Светланская, 111",07 2022,100338.23
16,Электроэнергия,"134.1000.01 ДГУ. Оплата за электроэнергию по тарифам  ул.Светланская, 111",08 2022,100325.19
17,Электроэнергия,"134.1000.01 ДГУ. Оплата за электроэнергию по тарифам  ул.Светланская, 111",09 2022,100312.14
18,Электроэнергия,"134.1000.01 ДГУ. Оплата за электроэнергию по тарифам  ул.Светланская, 111",10 2022,67005.21
19,Электроэнергия,"134.1000.01 ДГУ. Оплата за электроэнергию по тарифам  ул.Светланская, 111",11 2022,66993.7
20,Электроэнергия,"134.1000.01 ДГУ. Оплата за электроэнергию по тарифам  ул.Светланская, 111",12 2022,66982.19
21,Электроэнергия,"134.1000.01 ДГУ. Оплата за электроэнергию по тарифам Океанский пр-т, 34",02 2022,293321.97
22,Электроэнергия,"134.1000.01 ДГУ. Оплата за электроэнергию по тарифам Океанский пр-т, 34",03 2022,293318.8
23,Электроэнергия,"134.1000.01 ДГУ. Оплата за электроэнергию по тарифам Океанский пр-т, 34",04 2022,293315.7
24,Электроэнергия,"134.1000.01 ДГУ. Оплата за электроэнергию по тарифам Океанский пр-т, 34",05 2022,293312.53
25,Электроэнергия,"134.1000.01 ДГУ. Оплата за электроэнергию по тарифам Океанский пр-т, 34",06 2022,293309.4
26,Электроэнергия,"134.1000.01 ДГУ. Оплата за электроэнергию по тарифам Океанский пр-т, 34",07 2022,293306.3
27,Электроэнергия,"134.1000.01 ДГУ. Оплата за электроэнергию по тарифам Океанский пр-т, 34",08 2022,293303.16
28,Электроэнергия,"134.1000.01 ДГУ. Оплата за электроэнергию по тарифам Океанский пр-т, 34",09 2022,293300.03
29,Электроэнергия,"134.1000.01 ДГУ. Оплата за электроэнергию по тарифам Океанский пр-т, 34",10 2022,166309.8
30,Электроэнергия,"134.1000.01 ДГУ. Оплата за электроэнергию по тарифам Океанский пр-т, 34",11 2022,166298.27
31,Электроэнергия,"134.1000.01 ДГУ. Оплата за электроэнергию по тарифам Океанский пр-т, 34",12 2022,166286.77
32,Электроэнергия,134.1000.01 ДГУ. Оплата за электроэнергию по тарифам РКЦ Находка,02 2022,1506.3701
33,Электроэнергия,134.1000.01 ДГУ. Оплата за электроэнергию по тарифам РКЦ Находка,03 2022,1506.6702
34,Электроэнергия,134.1000.01 ДГУ. Оплата за электроэнергию по тарифам РКЦ Находка,04 2022,1506.9697
35,Электроэнергия,134.1000.01 ДГУ. Оплата за электроэнергию по тарифам РКЦ Находка,05 2022,1507.2695
36,Электроэнергия,134.1000.01 ДГУ. Оплата за электроэнергию по тарифам РКЦ Находка,06 2022,1507.5723
37,Электроэнергия,134.1000.01 ДГУ. Оплата за электроэнергию по тарифам РКЦ Находка,07 2022,1507.8805
38,Электроэнергия,134.1000.01 ДГУ. Оплата за электроэнергию по тарифам РКЦ Находка,08 2022,1508.1881
39,Электроэнергия,134.1000.01 ДГУ. Оплата за электроэнергию по тарифам РКЦ Находка,09 2022,1508.4958
40,Электроэнергия,134.1000.01 ДГУ. Оплата за электроэнергию по тарифам РКЦ Находка,10 2022,7.409533
41,Электроэнергия,134.1000.01 ДГУ. Оплата за электроэнергию по тарифам РКЦ Находка,11 2022,8.623851
42,Электроэнергия,134.1000.01 ДГУ. Оплата за электроэнергию по тарифам РКЦ Находка,12 2022,10.417302
43,Электроэнергия,134.1000.01 ДГУ. Оплата за электроэнергию по тарифам РКЦ Уссурийск,02 2022,106078.65
44,Электроэнергия,134.1000.01 ДГУ. Оплата за электроэнергию по тарифам РКЦ Уссурийск,03 2022,106065.59
45,Электроэнергия,134.1000.01 ДГУ. Оплата за электроэнергию по тарифам РКЦ Уссурийск,04 2022,106052.55
46,Электроэнергия,134.1000.01 ДГУ. Оплата за электроэнергию по тарифам РКЦ Уссурийск,05 2022,106039.5
47,Электроэнергия,134.1000.01 ДГУ. Оплата за электроэнергию по тарифам РКЦ Уссурийск,06 2022,106026.45
48,Электроэнергия,134.1000.01 ДГУ. Оплата за электроэнергию по тарифам РКЦ Уссурийск,07 2022,106013.42
49,Электроэнергия,134.1000.01 ДГУ. Оплата за электроэнергию по тарифам РКЦ Уссурийск,08 2022,106000.37
50,Электроэнергия,134.1000.01 ДГУ. Оплата за электроэнергию по тарифам РКЦ Уссурийск,09 2022,105987.31
51,Электроэнергия,134.1000.01 ДГУ. Оплата за электроэнергию по тарифам РКЦ Уссурийск,10 2022,70366.016
52,Электроэнергия,134.1000.01 ДГУ. Оплата за электроэнергию по тарифам РКЦ Уссурийск,11 2022,70354.51
53,Электроэнергия,134.1000.01 ДГУ. Оплата за электроэнергию по тарифам РКЦ Уссурийск,12 2022,70342.99
54,Электроэнергия,"134.1000.01 ДГУ. Оплата за электроэнергию по тарифам ул.Калинина, 261",02 2022,23465.824
55,Электроэнергия,"134.1000.01 ДГУ. Оплата за электроэнергию по тарифам ул.Калинина, 261",03 2022,23452.781
56,Электроэнергия,"134.1000.01 ДГУ. Оплата за электроэнергию по тарифам ул.Калинина, 261",04 2022,23439.732
57,Электроэнергия,"134.1000.01 ДГУ. Оплата за электроэнергию по тарифам ул.Калинина, 261",05 2022,23426.688
58,Электроэнергия,"134.1000.01 ДГУ. Оплата за электроэнергию по тарифам ул.Калинина, 261",06 2022,23413.639
59,Электроэнергия,"134.1000.01 ДГУ. Оплата за электроэнергию по тарифам ул.Калинина, 261",07 2022,23400.594
60,Электроэнергия,"134.1000.01 ДГУ. Оплата за электроэнергию по тарифам ул.Калинина, 261",08 2022,23387.547
61,Электроэнергия,"134.1000.01 ДГУ. Оплата за электроэнергию по тарифам ул.Калинина, 261",09 2022,23374.496
62,Электроэнергия,"134.1000.01 ДГУ. Оплата за электроэнергию по тарифам ул.Светланская, 71",02 2022,5054.058
63,Электроэнергия,"134.1000.01 ДГУ. Оплата за электроэнергию по тарифам ул.Светланская, 71",03 2022,5052.4565
64,Электроэнергия,"134.1000.01 ДГУ. Оплата за электроэнергию по тарифам ул.Светланская, 71",04 2022,5050.8574
65,Электроэнергия,"134.1000.01 ДГУ. Оплата за электроэнергию по тарифам ул.Светланская, 71",05 2022,5049.258
66,Электроэнергия,"134.1000.01 ДГУ. Оплата за электроэнергию по тарифам ул.Светланская, 71",06 2022,5047.658
67,Электроэнергия,"134.1000.01 ДГУ. Оплата за электроэнергию по тарифам ул.Светланская, 71",07 2022,5046.058
68,Электроэнергия,"134.1000.01 ДГУ. Оплата за электроэнергию по тарифам ул.Светланская, 71",08 2022,5044.4585
69,Электроэнергия,"134.1000.01 ДГУ. Оплата за электроэнергию по тарифам ул.Светланская, 71",09 2022,5042.859
70,Электроэнергия,"134.1000.01 ДГУ. Оплата за электроэнергию по тарифам ул.Светланская, 71",10 2022,64308.086
71,Электроэнергия,"134.1000.01 ДГУ. Оплата за электроэнергию по тарифам ул.Светланская, 71",11 2022,64296.582
72,Электроэнергия,"134.1000.01 ДГУ. Оплата за электроэнергию по тарифам ул.Светланская, 71",12 2022,64285.074
73,Электроэнергия,"134.1000.01 ДГУ. Оплата за электроэнергию по тарифам ул.Светланская,69",03 2022,42736.332
74,Электроэнергия,"134.1000.01 ДГУ. Оплата за электроэнергию по тарифам ул.Светланская,69",05 2022,42710.242
75,Электроэнергия,"134.1000.01 ДГУ. Оплата за электроэнергию по тарифам ул.Светланская,69",06 2022,42697.195
76,Электроэнергия,"134.1000.01 ДГУ. Оплата за электроэнергию по тарифам ул.Светланская,69",07 2022,42684.15
77,Электроэнергия,"134.1000.01 ДГУ. Оплата за электроэнергию по тарифам ул.Светланская,69",08 2022,42671.105
78,Электроэнергия,"134.1000.01 ДГУ. Оплата за электроэнергию по тарифам ул.Светланская,69",09 2022,42658.055
79,Электроэнергия,"134.1000.01 ДГУ. Оплата за электроэнергию по тарифам ул.Светланская,69",10 2022,25652.432
80,Электроэнергия,"134.1000.01 ДГУ. Оплата за электроэнергию по тарифам ул.Светланская,69",12 2022,25634.37
81,Электроэнергия,"134.1000.01 ДГУ. Оплата за электроэнергию по тарифам ул.Светланская,71 Пристройка",02 2022,92579.9
82,Электроэнергия,"134.1000.01 ДГУ. Оплата за электроэнергию по тарифам ул.Светланская,71 Пристройка",03 2022,92566.87
83,Электроэнергия,"134.1000.01 ДГУ. Оплата за электроэнергию по тарифам ул.Светланская,71 Пристройка",04 2022,92553.805
84,Электроэнергия,"134.1000.01 ДГУ. Оплата за электроэнергию по тарифам ул.Светланская,71 Пристройка",05 2022,92540.766
85,Электроэнергия,"134.1000.01 ДГУ. Оплата за электроэнергию по тарифам ул.Светланская,71 Пристройка",06 2022,92527.72
86,Электроэнергия,"134.1000.01 ДГУ. Оплата за электроэнергию по тарифам ул.Светланская,71 Пристройка",07 2022,92514.68
87,Электроэнергия,"134.1000.01 ДГУ. Оплата за электроэнергию по тарифам ул.Светланская,71 Пристройка",08 2022,92501.625
88,Электроэнергия,"134.1000.01 ДГУ. Оплата за электроэнергию по тарифам ул.Светланская,71 Пристройка",09 2022,92488.58
89,Электроэнергия,"134.1000.01 ДГУ. Оплата за электроэнергию по тарифам ул.Светланская,71 Пристройка",10 2022,64308.086
90,Электроэнергия,"134.1000.01 ДГУ. Оплата за электроэнергию по тарифам ул.Светланская,71 Пристройка",11 2022,64296.582
91,Электроэнергия,"134.1000.01 ДГУ. Оплата за электроэнергию по тарифам ул.Светланская,71 Пристройка",12 2022,64285.074
92,Электроэнергия,"134.1000.01 ДГУ. Оплата за электроэнергию по тарифам ул.Светланская,73",02 2022,6623.953
93,Электроэнергия,"134.1000.01 ДГУ. Оплата за электроэнергию по тарифам ул.Светланская,73",03 2022,6626.2983
94,Электроэнергия,"134.1000.01 ДГУ. Оплата за электроэнергию по тарифам ул.Светланская,73",04 2022,6628.6465
95,Электроэнергия,"134.1000.01 ДГУ. Оплата за электроэнергию по тарифам ул.Светланская,73",05 2022,6630.993
96,Электроэнергия,"134.1000.01 ДГУ. Оплата за электроэнергию по тарифам ул.Светланская,73",06 2022,6633.3394
97,Электроэнергия,"134.1000.01 ДГУ. Оплата за электроэнергию по тарифам ул.Светланская,73",07 2022,6635.6855
98,Электроэнергия,"134.1000.01 ДГУ. Оплата за электроэнергию по тарифам ул.Светланская,73",08 2022,6638.0327
99,Электроэнергия,"134.1000.01 ДГУ. Оплата за электроэнергию по тарифам ул.Светланская,73",09 2022,6640.378
100,Электроэнергия,"134.1000.01 ДГУ. Оплата за электроэнергию по тарифам ул.Светланская,73",10 2022,5567.9795
101,Электроэнергия,"134.1000.01 ДГУ. Оплата за электроэнергию по тарифам ул.Светланская,73",11 2022,5555.1216
102,Электроэнергия,"134.1000.01 ДГУ. Оплата за электроэнергию по тарифам ул.Светланская,73",12 2022,5542.264
103,Электроэнергия,"134.1000.01 ДГУ. Оплата за электроэнергию по тарифам ул.Светланская,73 А",02 2022,3753.2708
104,Электроэнергия,"134.1000.01 ДГУ. Оплата за электроэнергию по тарифам ул.Светланская,73 А",03 2022,3758.053
105,Электроэнергия,"134.1000.01 ДГУ. Оплата за электроэнергию по тарифам ул.Светланская,73 А",04 2022,3762.8347
106,Электроэнергия,"134.1000.01 ДГУ. Оплата за электроэнергию по тарифам ул.Светланская,73 А",05 2022,3767.6172
107,Электроэнергия,"134.1000.01 ДГУ. Оплата за электроэнергию по тарифам ул.Светланская,73 А",06 2022,3772.3977
108,Электроэнергия,"134.1000.01 ДГУ. Оплата за электроэнергию по тарифам ул.Светланская,73 А",07 2022,3777.1804
109,Электроэнергия,"134.1000.01 ДГУ. Оплата за электроэнергию по тарифам ул.Светланская,73 А",08 2022,3781.9614
110,Электроэнергия,"134.1000.01 ДГУ. Оплата за электроэнергию по тарифам ул.Светланская,73 А",09 2022,3786.7434
111,Электроэнергия,"134.1000.01 ДГУ. Оплата за электроэнергию по тарифам ул.Светланская,73 А",10 2022,11474.409
112,Электроэнергия,"134.1000.01 ДГУ. Оплата за электроэнергию по тарифам ул.Светланская,73 А",11 2022,11461.778
113,Электроэнергия,"134.1000.01 ДГУ. Оплата за электроэнергию по тарифам ул.Светланская,73 А",12 2022,11448.922
114,Электроэнергия,"134.1000.01 ДГУ. Оплата за электроэнергию по тарифам ул.Семеновская, 29",02 2022,2808.241
115,Электроэнергия,"134.1000.01 ДГУ. Оплата за электроэнергию по тарифам ул.Семеновская, 29",03 2022,2807.8225
116,Электроэнергия,"134.1000.01 ДГУ. Оплата за электроэнергию по тарифам ул.Семеновская, 29",04 2022,2807.403
117,Электроэнергия,"134.1000.01 ДГУ. Оплата за электроэнергию по тарифам ул.Семеновская, 29",05 2022,2806.9841
118,Электроэнергия,"134.1000.01 ДГУ. Оплата за электроэнергию по тарифам ул.Семеновская, 29",06 2022,2806.5654
119,Электроэнергия,"134.1000.01 ДГУ. Оплата за электроэнергию по тарифам ул.Семеновская, 29",07 2022,2806.1465
120,Электроэнергия,"134.1000.01 ДГУ. Оплата за электроэнергию по тарифам ул.Семеновская, 29",08 2022,2805.7273
121,Электроэнергия,"134.1000.01 ДГУ. Оплата за электроэнергию по тарифам ул.Семеновская, 29",09 2022,2805.3083
122,Электроэнергия,"134.1000.01 ДГУ. Оплата за электроэнергию по тарифам ул.Семеновская, 29",10 2022,16791.094
123,Электроэнергия,"134.1000.01 ДГУ. Оплата за электроэнергию по тарифам ул.Семеновская, 29",11 2022,16779.584
124,Электроэнергия,"134.1000.01 ДГУ. Оплата за электроэнергию по тарифам ул.Семеновская, 29",12 2022,16768.076
125,Электроэнергия,"134.1000.01 ДГУ. Оплата за электроэнергию по тарифам ул.Фонтанная, 19",02 2022,5188.2007
126,Электроэнергия,"134.1000.01 ДГУ. Оплата за электроэнергию по тарифам ул.Фонтанная, 19",03 2022,5191.4106
127,Электроэнергия,"134.1000.01 ДГУ. Оплата за электроэнергию по тарифам ул.Фонтанная, 19",04 2022,5194.6216
128,Электроэнергия,"134.1000.01 ДГУ. Оплата за электроэнергию по тарифам ул.Фонтанная, 19",05 2022,5197.8315
129,Электроэнергия,"134.1000.01 ДГУ. Оплата за электроэнергию по тарифам ул.Фонтанная, 19",06 2022,5201.041
130,Электроэнергия,"134.1000.01 ДГУ. Оплата за электроэнергию по тарифам ул.Фонтанная, 19",07 2022,5204.251
131,Электроэнергия,"134.1000.01 ДГУ. Оплата за электроэнергию по тарифам ул.Фонтанная, 19",08 2022,5207.4614
132,Электроэнергия,"134.1000.01 ДГУ. Оплата за электроэнергию по тарифам ул.Фонтанная, 19",09 2022,5210.672
133,Электроэнергия,"134.1000.01 ДГУ. Оплата за электроэнергию по тарифам ул.Фонтанная, 19",10 2022,9161.976
134,Электроэнергия,"134.1000.01 ДГУ. Оплата за электроэнергию по тарифам ул.Фонтанная, 19",11 2022,9150.466
135,Электроэнергия,"134.1000.01 ДГУ. Оплата за электроэнергию по тарифам ул.Фонтанная, 19",12 2022,9138.919
136,Отопление,"134.1000.02 ДГУ. Оплата за тепловую энергию по тарифам здание Океанский пр-т, 34",02 2022,110478.38
137,Отопление,"134.1000.02 ДГУ. Оплата за тепловую энергию по тарифам здание Океанский пр-т, 34",03 2022,110430.625
138,Отопление,"134.1000.02 ДГУ. Оплата за тепловую энергию по тарифам здание Океанский пр-т, 34",04 2022,110382.875
139,Отопление,"134.1000.02 ДГУ. Оплата за тепловую энергию по тарифам здание Океанский пр-т, 34",05 2022,110335.125
140,Отопление,"134.1000.02 ДГУ. Оплата за тепловую энергию по тарифам здание Океанский пр-т, 34",06 2022,110287.375
141,Отопление,"134.1000.02 ДГУ. Оплата за тепловую энергию по тарифам здание Океанский пр-т, 34",07 2022,110239.625
142,Отопление,"134.1000.02 ДГУ. Оплата за тепловую энергию по тарифам здание Океанский пр-т, 34",08 2022,110191.86
143,Отопление,"134.1000.02 ДГУ. Оплата за тепловую энергию по тарифам здание Океанский пр-т, 34",09 2022,110144.125
144,Отопление,"134.1000.02 ДГУ. Оплата за тепловую энергию по тарифам здание Океанский пр-т, 34",10 2022,60902.074
145,Отопление,"134.1000.02 ДГУ. Оплата за тепловую энергию по тарифам здание Океанский пр-т, 34",11 2022,60853.926
146,Отопление,"134.1000.02 ДГУ. Оплата за тепловую энергию по тарифам здание Океанский пр-т, 34",12 2022,60805.777
147,Отопление,134.1000.02 ДГУ. Оплата за тепловую энергию по тарифам здание РКЦ Находка,02 2022,7430.971
148,Отопление,134.1000.02 ДГУ. Оплата за тепловую энергию по тарифам здание РКЦ Находка,03 2022,7379.755
149,Отопление,134.1000.02 ДГУ. Оплата за тепловую энергию по тарифам здание РКЦ Находка,04 2022,7328.541
150,Отопление,134.1000.02 ДГУ. Оплата за тепловую энергию по тарифам здание РКЦ Находка,05 2022,7277.3267
151,Отопление,134.1000.02 ДГУ. Оплата за тепловую энергию по тарифам здание РКЦ Находка,07 2022,7174.895
152,Отопление,134.1000.02 ДГУ. Оплата за тепловую энергию по тарифам здание РКЦ Находка,12 2022,0.097115435
153,Отопление,134.1000.02 ДГУ. Оплата за тепловую энергию по тарифам здание РКЦ Уссурийск,02 2022,54721.527
154,Отопление,134.1000.02 ДГУ. Оплата за тепловую энергию по тарифам здание РКЦ Уссурийск,03 2022,54674.465
155,Отопление,134.1000.02 ДГУ. Оплата за тепловую энергию по тарифам здание РКЦ Уссурийск,04 2022,54627.395
156,Отопление,134.1000.02 ДГУ. Оплата за тепловую энергию по тарифам здание РКЦ Уссурийск,05 2022,54580.324
157,Отопление,134.1000.02 ДГУ. Оплата за тепловую энергию по тарифам здание РКЦ Уссурийск,06 2022,54533.266
158,Отопление,134.1000.02 ДГУ. Оплата за тепловую энергию по тарифам здание РКЦ Уссурийск,11 2022,25491.154
159,Отопление,134.1000.02 ДГУ. Оплата за тепловую энергию по тарифам здание РКЦ Уссурийск,12 2022,25443.008
160,Отопление,134.1000.02 ДГУ. Оплата за тепловую энергию по тарифам здание РКЦ Уссурийск (гараж),02 2022,10823.603
161,Отопление,134.1000.02 ДГУ. Оплата за тепловую энергию по тарифам здание РКЦ Уссурийск (гараж),03 2022,10772.29
162,Отопление,134.1000.02 ДГУ. Оплата за тепловую энергию по тарифам здание РКЦ Уссурийск (гараж),04 2022,10720.98
163,Отопление,134.1000.02 ДГУ. Оплата за тепловую энергию по тарифам здание РКЦ Уссурийск (гараж),05 2022,10669.669
164,Отопление,134.1000.02 ДГУ. Оплата за тепловую энергию по тарифам здание РКЦ Уссурийск (гараж),11 2022,5081.085
165,Отопление,134.1000.02 ДГУ. Оплата за тепловую энергию по тарифам здание РКЦ Уссурийск (гараж),12 2022,5033.072
166,Отопление,"134.1000.02 ДГУ. Оплата за тепловую энергию по тарифам здание ул.Калинина, 261",02 2022,29860.398
167,Отопление,"134.1000.02 ДГУ. Оплата за тепловую энергию по тарифам здание ул.Калинина, 261",03 2022,29812.764
168,Отопление,"134.1000.02 ДГУ. Оплата за тепловую энергию по тарифам здание ул.Калинина, 261",04 2022,29765.129
169,Отопление,"134.1000.02 ДГУ. Оплата за тепловую энергию по тарифам здание ул.Калинина, 261",05 2022,29717.494
170,Отопление,"134.1000.02 ДГУ. Оплата за тепловую энергию по тарифам здание ул.Калинина, 261",06 2022,29669.861
171,Отопление,"134.1000.02 ДГУ. Оплата за тепловую энергию по тарифам здание ул.Мордовцева, 6",03 2022,6381.705
172,Отопление,"134.1000.02 ДГУ. Оплата за тепловую энергию по тарифам здание ул.Мордовцева, 6",04 2022,6335.528
173,Отопление,"134.1000.02 ДГУ. Оплата за тепловую энергию по тарифам здание ул.Мордовцева, 6",05 2022,6289.35
174,Отопление,"134.1000.02 ДГУ. Оплата за тепловую энергию по тарифам здание ул.Мордовцева, 6",06 2022,6243.173
175,Отопление,"134.1000.02 ДГУ. Оплата за тепловую энергию по тарифам здание ул.Мордовцева, 6",07 2022,15878.032
176,Отопление,"134.1000.02 ДГУ. Оплата за тепловую энергию по тарифам здание ул.Мордовцева, 6",10 2022,3646.6416
177,Отопление,"134.1000.02 ДГУ. Оплата за тепловую энергию по тарифам здание ул.Мордовцева, 6",12 2022,3550.614
178,Отопление,"134.1000.02 ДГУ. Оплата за тепловую энергию по тарифам здание ул.Светланская, 111",02 2022,52253.72
179,Отопление,"134.1000.02 ДГУ. Оплата за тепловую энергию по тарифам здание ул.Светланская, 111",03 2022,52206.65
180,Отопление,"134.1000.02 ДГУ. Оплата за тепловую энергию по тарифам здание ул.Светланская, 111",04 2022,52159.586
181,Отопление,"134.1000.02 ДГУ. Оплата за тепловую энергию по тарифам здание ул.Светланская, 111",05 2022,52112.516
182,Отопление,"134.1000.02 ДГУ. Оплата за тепловую энергию по тарифам здание ул.Светланская, 111",06 2022,52065.45
183,Отопление,"134.1000.02 ДГУ. Оплата за тепловую энергию по тарифам здание ул.Светланская, 111",12 2022,24193.47
184,Отопление,"134.1000.02 ДГУ. Оплата за тепловую энергию по тарифам здание ул.Светланская, 69",03 2022,35240.137
185,Отопление,"134.1000.02 ДГУ. Оплата за тепловую энергию по тарифам здание ул.Светланская, 69",05 2022,35144.87
186,Отопление,"134.1000.02 ДГУ. Оплата за тепловую энергию по тарифам здание ул.Светланская, 69",06 2022,35097.23
187,Отопление,"134.1000.02 ДГУ. Оплата за тепловую энергию по тарифам здание ул.Светланская, 69",12 2022,9671.849
188,Отопление,"134.1000.02 ДГУ. Оплата за тепловую энергию по тарифам здание ул.Светланская, 71",02 2022,10317.192
189,Отопление,"134.1000.02 ДГУ. Оплата за тепловую энергию по тарифам здание ул.Светланская, 71",03 2022,10265.881
190,Отопление,"134.1000.02 ДГУ. Оплата за тепловую энергию по тарифам здание ул.Светланская, 71",04 2022,10214.569
191,Отопление,"134.1000.02 ДГУ. Оплата за тепловую энергию по тарифам здание ул.Светланская, 71",05 2022,10163.258
192,Отопление,"134.1000.02 ДГУ. Оплата за тепловую энергию по тарифам здание ул.Светланская, 71",06 2022,10111.948
193,Отопление,"134.1000.02 ДГУ. Оплата за тепловую энергию по тарифам здание ул.Светланская, 71",12 2022,23191.455
194,Отопление,"134.1000.02 ДГУ. Оплата за тепловую энергию по тарифам здание ул.Светланская, 71 пристройка",02 2022,49725.78
195,Отопление,"134.1000.02 ДГУ. Оплата за тепловую энергию по тарифам здание ул.Светланская, 71 пристройка",03 2022,49678.715
196,Отопление,"134.1000.02 ДГУ. Оплата за тепловую энергию по тарифам здание ул.Светланская, 71 пристройка",04 2022,49631.65
197,Отопление,"134.1000.02 ДГУ. Оплата за тепловую энергию по тарифам здание ул.Светланская, 71 пристройка",05 2022,49584.586
198,Отопление,"134.1000.02 ДГУ. Оплата за тепловую энергию по тарифам здание ул.Светланская, 71 пристройка",06 2022,49537.516
199,Отопление,"134.1000.02 ДГУ. Оплата за тепловую энергию по тарифам здание ул.Светланская, 71 пристройка",12 2022,23191.455
200,Отопление,"134.1000.02 ДГУ. Оплата за тепловую энергию по тарифам здание ул.Светланская, 73",02 2022,11492.875
201,Отопление,"134.1000.02 ДГУ. Оплата за тепловую энергию по тарифам здание ул.Светланская, 73",03 2022,11441.564
202,Отопление,"134.1000.02 ДГУ. Оплата за тепловую энергию по тарифам здание ул.Светланская, 73",04 2022,11390.254
203,Отопление,"134.1000.02 ДГУ. Оплата за тепловую энергию по тарифам здание ул.Светланская, 73",05 2022,11338.944
204,Отопление,"134.1000.02 ДГУ. Оплата за тепловую энергию по тарифам здание ул.Светланская, 73",06 2022,11287.632
205,Отопление,"134.1000.02 ДГУ. Оплата за тепловую энергию по тарифам здание ул.Светланская, 73",07 2022,11236.322
206,Отопление,"134.1000.02 ДГУ. Оплата за тепловую энергию по тарифам здание ул.Светланская, 73",08 2022,11185.011
207,Отопление,"134.1000.02 ДГУ. Оплата за тепловую энергию по тарифам здание ул.Светланская, 73",09 2022,11133.701
208,Отопление,"134.1000.02 ДГУ. Оплата за тепловую энергию по тарифам здание ул.Светланская, 73",10 2022,1637.5197
209,Отопление,"134.1000.02 ДГУ. Оплата за тепловую энергию по тарифам здание ул.Светланская, 73",11 2022,1589.5061
210,Отопление,"134.1000.02 ДГУ. Оплата за тепловую энергию по тарифам здание ул.Светланская, 73",12 2022,1541.7097
211,Отопление,"134.1000.02 ДГУ. Оплата за тепловую энергию по тарифам здание ул.Светланская, 73 А",02 2022,16755.549
212,Отопление,"134.1000.02 ДГУ. Оплата за тепловую энергию по тарифам здание ул.Светланская, 73 А",03 2022,16691.29
213,Отопление,"134.1000.02 ДГУ. Оплата за тепловую энергию по тарифам здание ул.Светланская, 73 А",04 2022,16627.031
214,Отопление,"134.1000.02 ДГУ. Оплата за тепловую энергию по тарифам здание ул.Светланская, 73 А",05 2022,16562.771
215,Отопление,"134.1000.02 ДГУ. Оплата за тепловую энергию по тарифам здание ул.Светланская, 73 А",06 2022,16498.514
216,Отопление,"134.1000.02 ДГУ. Оплата за тепловую энергию по тарифам здание ул.Светланская, 73 А",07 2022,16434.252
217,Отопление,"134.1000.02 ДГУ. Оплата за тепловую энергию по тарифам здание ул.Светланская, 73 А",10 2022,3837.958
218,Отопление,"134.1000.02 ДГУ. Оплата за тепловую энергию по тарифам здание ул.Светланская, 73 А",11 2022,3789.9443
219,Отопление,"134.1000.02 ДГУ. Оплата за тепловую энергию по тарифам здание ул.Светланская, 73 А",12 2022,3741.9304
220,Отопление,"134.1000.02 ДГУ. Оплата за тепловую энергию по тарифам здание ул.Фонтанная, 19",02 2022,14201.378
221,Отопление,"134.1000.02 ДГУ. Оплата за тепловую энергию по тарифам здание ул.Фонтанная, 19",03 2022,14137.12
222,Отопление,"134.1000.02 ДГУ. Оплата за тепловую энергию по тарифам здание ул.Фонтанная, 19",04 2022,14072.858
223,Отопление,"134.1000.02 ДГУ. Оплата за тепловую энергию по тарифам здание ул.Фонтанная, 19",05 2022,14008.601
224,Отопление,"134.1000.02 ДГУ. Оплата за тепловую энергию по тарифам здание ул.Фонтанная, 19",06 2022,13944.341
225,Отопление,"134.1000.02 ДГУ. Оплата за тепловую энергию по тарифам здание ул.Фонтанная, 19",10 2022,2960.7188
226,Отопление,"134.1000.02 ДГУ. Оплата за тепловую энергию по тарифам здание ул.Фонтанная, 19",11 2022,2912.7048
227,Отопление,"134.1000.02 ДГУ. Оплата за тепловую энергию по тарифам здание ул.Фонтанная, 19",12 2022,2864.691
228,Электроэнергия,134.1000.01 Анадырь Оплата потребления электроэнергии ул.Колхозная 32б(склад),03 2022,11189.772
229,Электроэнергия,134.1000.01 Анадырь Оплата потребления электроэнергии ул.Колхозная 32б(склад),04 2022,11161.72
230,Электроэнергия,134.1000.01 Анадырь Оплата потребления электроэнергии ул.Колхозная 32б(склад),05 2022,11133.664
231,Электроэнергия,134.1000.01 Анадырь Оплата потребления электроэнергии ул.Колхозная 32б(склад),06 2022,11105.609
232,Электроэнергия,134.1000.01 Анадырь Оплата потребления электроэнергии ул.Колхозная 32б(склад),07 2022,11077.556
233,Электроэнергия,134.1000.01 Анадырь Оплата потребления электроэнергии ул.Колхозная 32б(склад),08 2022,11049.501
234,Электроэнергия,134.1000.01 Анадырь Оплата потребления электроэнергии ул.Колхозная 32б(склад),10 2022,22489.014
235,Электроэнергия,134.1000.01 Анадырь Оплата потребления электроэнергии ул.Колхозная 32б(склад),11 2022,22455.727
236,Электроэнергия,134.1000.01 Анадырь Оплата потребления электроэнергии ул.Колхозная 32б(склад),12 2022,22422.436
237,Электроэнергия,"134.1000.01 Анадырь Оплата потребления электроэнергии ул. Дежнева,7",03 2022,453041.75
238,Электроэнергия,"134.1000.01 Анадырь Оплата потребления электроэнергии ул. Дежнева,7",04 2022,452998.56
239,Электроэнергия,"134.1000.01 Анадырь Оплата потребления электроэнергии ул. Дежнева,7",05 2022,452955.4
240,Электроэнергия,"134.1000.01 Анадырь Оплата потребления электроэнергии ул. Дежнева,7",06 2022,452912.22
241,Электроэнергия,"134.1000.01 Анадырь Оплата потребления электроэнергии ул. Дежнева,7",07 2022,452869.06
242,Электроэнергия,"134.1000.01 Анадырь Оплата потребления электроэнергии ул. Дежнева,7",08 2022,452825.97
243,Электроэнергия,"134.1000.01 Анадырь Оплата потребления электроэнергии ул. Дежнева,7",09 2022,452782.78
244,Электроэнергия,"134.1000.01 Анадырь Оплата потребления электроэнергии ул. Дежнева,7",10 2022,302731.47
245,Электроэнергия,"134.1000.01 Анадырь Оплата потребления электроэнергии ул. Дежнева,7",11 2022,302698.2
246,Электроэнергия,"134.1000.01 Анадырь Оплата потребления электроэнергии ул. Дежнева,7",12 2022,302664.88
247,Электроэнергия,"134.1000.01 Анадырь Оплата потребления электроэнергии ул. Южная, 1а (гараж)",03 2022,3539.208
248,Электроэнергия,"134.1000.01 Анадырь Оплата потребления электроэнергии ул. Южная, 1а (гараж)",04 2022,3511.154
249,Электроэнергия,"134.1000.01 Анадырь Оплата потребления электроэнергии ул. Южная, 1а (гараж)",05 2022,3483.0996
250,Электроэнергия,"134.1000.01 Анадырь Оплата потребления электроэнергии ул. Южная, 1а (гараж)",06 2022,3455.0447
251,Электроэнергия,"134.1000.01 Анадырь Оплата потребления электроэнергии ул. Южная, 1а (гараж)",07 2022,3426.9915
252,Электроэнергия,"134.1000.01 Анадырь Оплата потребления электроэнергии ул. Южная, 1а (гараж)",08 2022,3398.9373
253,Электроэнергия,"134.1000.01 Анадырь Оплата потребления электроэнергии ул. Южная, 1а (гараж)",09 2022,3370.8826
254,Электроэнергия,"134.1000.01 Анадырь Оплата потребления электроэнергии ул. Южная, 1а (гараж)",10 2022,15357.485
255,Электроэнергия,"134.1000.01 Анадырь Оплата потребления электроэнергии ул. Южная, 1а (гараж)",11 2022,15323.832
256,Электроэнергия,"134.1000.01 Анадырь Оплата потребления электроэнергии ул. Южная, 1а (гараж)",12 2022,15287.547
257,Электроэнергия,"134.1000.01 Биробиджан Оплата потребления электроэнергии пр. 60 летия СССР, дом5",02 2022,6549.4854
258,Электроэнергия,"134.1000.01 Биробиджан Оплата потребления электроэнергии пр. 60 летия СССР, дом5",03 2022,6551.024
259,Электроэнергия,"134.1000.01 Биробиджан Оплата потребления электроэнергии пр. 60 летия СССР, дом5",04 2022,6552.562
260,Электроэнергия,"134.1000.01 Биробиджан Оплата потребления электроэнергии пр. 60 летия СССР, дом5",05 2022,6554.099
261,Электроэнергия,"134.1000.01 Биробиджан Оплата потребления электроэнергии пр. 60 летия СССР, дом5",06 2022,6555.6377
262,Электроэнергия,"134.1000.01 Биробиджан Оплата потребления электроэнергии пр. 60 летия СССР, дом5",07 2022,6557.175
263,Электроэнергия,"134.1000.01 Биробиджан Оплата потребления электроэнергии пр. 60 летия СССР, дом5",08 2022,6558.7124
264,Электроэнергия,"134.1000.01 Биробиджан Оплата потребления электроэнергии пр. 60 летия СССР, дом5",09 2022,6560.25
265,Электроэнергия,"134.1000.01 Биробиджан Оплата потребления электроэнергии пр. 60 летия СССР, дом5",10 2022,27508.18
266,Электроэнергия,"134.1000.01 Биробиджан Оплата потребления электроэнергии пр. 60 летия СССР, дом5",11 2022,27508.861
267,Электроэнергия,"134.1000.01 Биробиджан Оплата потребления электроэнергии пр. 60 летия СССР, дом5",12 2022,27509.54
268,Электроэнергия,134.1000.01 Биробиджан Оплата потребления электроэнергии ул. Чапаева 5А,02 2022,6218.8076
269,Электроэнергия,134.1000.01 Биробиджан Оплата потребления электроэнергии ул. Чапаева 5А,03 2022,6220.345
270,Электроэнергия,134.1000.01 Биробиджан Оплата потребления электроэнергии ул. Чапаева 5А,04 2022,6221.8823
271,Электроэнергия,134.1000.01 Биробиджан Оплата потребления электроэнергии ул. Чапаева 5А,05 2022,6223.4214
272,Электроэнергия,134.1000.01 Биробиджан Оплата потребления электроэнергии ул. Чапаева 5А,06 2022,6224.959
273,Электроэнергия,134.1000.01 Биробиджан Оплата потребления электроэнергии ул. Чапаева 5А,07 2022,6226.497
274,Электроэнергия,134.1000.01 Биробиджан Оплата потребления электроэнергии ул. Чапаева 5А,08 2022,6228.034
275,Электроэнергия,134.1000.01 Биробиджан Оплата потребления электроэнергии ул. Чапаева 5А,09 2022,6229.5728
276,Электроэнергия,134.1000.01 Биробиджан Оплата потребления электроэнергии ул. Чапаева 5А,10 2022,702.40076
277,Электроэнергия,134.1000.01 Биробиджан Оплата потребления электроэнергии ул. Чапаева 5А,11 2022,703.12384
278,Электроэнергия,134.1000.01 Биробиджан Оплата потребления электроэнергии ул. Чапаева 5А,12 2022,703.84686
279,Электроэнергия,"134.1000.01 Благовещенск. Оплата потребления электроэнергии, пер. Св. Иннокентия, 17 (административное здание)",02 2022,75129.75
280,Электроэнергия,"134.1000.01 Благовещенск. Оплата потребления электроэнергии, пер. Св. Иннокентия, 17 (административное здание)",03 2022,75135.42
281,Электроэнергия,"134.1000.01 Благовещенск. Оплата потребления электроэнергии, пер. Св. Иннокентия, 17 (административное здание)",04 2022,75141.11
282,Электроэнергия,"134.1000.01 Благовещенск. Оплата потребления электроэнергии, пер. Св. Иннокентия, 17 (административное здание)",05 2022,75146.77
283,Электроэнергия,"134.1000.01 Благовещенск. Оплата потребления электроэнергии, пер. Св. Иннокентия, 17 (административное здание)",06 2022,75152.45
284,Электроэнергия,"134.1000.01 Благовещенск. Оплата потребления электроэнергии, пер. Св. Иннокентия, 17 (административное здание)",07 2022,75158.125
285,Электроэнергия,"134.1000.01 Благовещенск. Оплата потребления электроэнергии, пер. Св. Иннокентия, 17 (административное здание)",08 2022,75163.81
286,Электроэнергия,"134.1000.01 Благовещенск. Оплата потребления электроэнергии, пер. Св. Иннокентия, 17 (административное здание)",09 2022,75169.48
287,Электроэнергия,"134.1000.01 Благовещенск. Оплата потребления электроэнергии, пер. Св. Иннокентия, 17 (административное здание)",10 2022,24038.607
288,Электроэнергия,"134.1000.01 Благовещенск. Оплата потребления электроэнергии, пер. Св. Иннокентия, 17 (административное здание)",11 2022,24041.709
289,Электроэнергия,"134.1000.01 Благовещенск. Оплата потребления электроэнергии, пер. Св. Иннокентия, 17 (административное здание)",12 2022,24044.81
290,Электроэнергия,"134.1000.01 Благовещенск. Оплата потребления электроэнергии, пер. Св. Иннокентия, 17 (пристройка)",02 2022,75129.75
291,Электроэнергия,"134.1000.01 Благовещенск. Оплата потребления электроэнергии, пер. Св. Иннокентия, 17 (пристройка)",03 2022,75135.42
292,Электроэнергия,"134.1000.01 Благовещенск. Оплата потребления электроэнергии, пер. Св. Иннокентия, 17 (пристройка)",04 2022,75141.11
293,Электроэнергия,"134.1000.01 Благовещенск. Оплата потребления электроэнергии, пер. Св. Иннокентия, 17 (пристройка)",05 2022,75146.77
294,Электроэнергия,"134.1000.01 Благовещенск. Оплата потребления электроэнергии, пер. Св. Иннокентия, 17 (пристройка)",06 2022,75152.45
295,Электроэнергия,"134.1000.01 Благовещенск. Оплата потребления электроэнергии, пер. Св. Иннокентия, 17 (пристройка)",07 2022,75158.125
296,Электроэнергия,"134.1000.01 Благовещенск. Оплата потребления электроэнергии, пер. Св. Иннокентия, 17 (пристройка)",08 2022,75163.81
297,Электроэнергия,"134.1000.01 Благовещенск. Оплата потребления электроэнергии, пер. Св. Иннокентия, 17 (пристройка)",09 2022,75169.48
298,Электроэнергия,"134.1000.01 Благовещенск. Оплата потребления электроэнергии, пер. Св. Иннокентия, 17 (пристройка)",10 2022,11667.063
299,Электроэнергия,"134.1000.01 Благовещенск. Оплата потребления электроэнергии, пер. Св. Иннокентия, 17 (пристройка)",11 2022,11670.039
300,Электроэнергия,"134.1000.01 Благовещенск. Оплата потребления электроэнергии, пер. Св. Иннокентия, 17 (пристройка)",12 2022,11673.015
301,Электроэнергия,"134.1000.01 Благовещенск. Оплата потребления электроэнергии, пер. Св. Иннокентия, 17 ( Новая пристройка)",02 2022,75129.75
302,Электроэнергия,"134.1000.01 Благовещенск. Оплата потребления электроэнергии, пер. Св. Иннокентия, 17 ( Новая пристройка)",03 2022,75135.42
303,Электроэнергия,"134.1000.01 Благовещенск. Оплата потребления электроэнергии, пер. Св. Иннокентия, 17 ( Новая пристройка)",04 2022,75141.11
304,Электроэнергия,"134.1000.01 Благовещенск. Оплата потребления электроэнергии, пер. Св. Иннокентия, 17 ( Новая пристройка)",05 2022,75146.77
305,Электроэнергия,"134.1000.01 Благовещенск. Оплата потребления электроэнергии, пер. Св. Иннокентия, 17 ( Новая пристройка)",06 2022,75152.45
306,Электроэнергия,"134.1000.01 Благовещенск. Оплата потребления электроэнергии, пер. Св. Иннокентия, 17 ( Новая пристройка)",07 2022,75158.125
307,Электроэнергия,"134.1000.01 Благовещенск. Оплата потребления электроэнергии, пер. Св. Иннокентия, 17 ( Новая пристройка)",08 2022,75163.81
308,Электроэнергия,"134.1000.01 Благовещенск. Оплата потребления электроэнергии, пер. Св. Иннокентия, 17 ( Новая пристройка)",09 2022,75169.48
309,Электроэнергия,"134.1000.01 Благовещенск. Оплата потребления электроэнергии, пер. Св. Иннокентия, 17 ( Новая пристройка)",10 2022,11667.063
310,Электроэнергия,"134.1000.01 Благовещенск. Оплата потребления электроэнергии, пер. Св. Иннокентия, 17 ( Новая пристройка)",11 2022,11670.039
311,Электроэнергия,"134.1000.01 Благовещенск. Оплата потребления электроэнергии, пер. Св. Иннокентия, 17 ( Новая пристройка)",12 2022,11673.015
312,Электроэнергия,"134.1000.01 Благовещенск. Оплата потребления электроэнергии, пер. Св. Иннокентия, 17 (гараж)",02 2022,67186.55
313,Электроэнергия,"134.1000.01 Благовещенск. Оплата потребления электроэнергии, пер. Св. Иннокентия, 17 (гараж)",03 2022,67192.23
314,Электроэнергия,"134.1000.01 Благовещенск. Оплата потребления электроэнергии, пер. Св. Иннокентия, 17 (гараж)",04 2022,67197.89
315,Электроэнергия,"134.1000.01 Благовещенск. Оплата потребления электроэнергии, пер. Св. Иннокентия, 17 (гараж)",05 2022,67203.57
316,Электроэнергия,"134.1000.01 Благовещенск. Оплата потребления электроэнергии, пер. Св. Иннокентия, 17 (гараж)",06 2022,67209.25
317,Электроэнергия,"134.1000.01 Благовещенск. Оплата потребления электроэнергии, пер. Св. Иннокентия, 17 (гараж)",07 2022,67214.92
318,Электроэнергия,"134.1000.01 Благовещенск. Оплата потребления электроэнергии, пер. Св. Иннокентия, 17 (гараж)",08 2022,67220.59
319,Электроэнергия,"134.1000.01 Благовещенск. Оплата потребления электроэнергии, пер. Св. Иннокентия, 17 (гараж)",09 2022,67226.27
320,Электроэнергия,"134.1000.01 Благовещенск. Оплата потребления электроэнергии, пер. Св. Иннокентия, 17 (гараж)",10 2022,6931.515
321,Электроэнергия,"134.1000.01 Благовещенск. Оплата потребления электроэнергии, пер. Св. Иннокентия, 17 (гараж)",11 2022,6934.521
322,Электроэнергия,"134.1000.01 Благовещенск. Оплата потребления электроэнергии, пер. Св. Иннокентия, 17 (гараж)",12 2022,6937.528
323,Электроэнергия,"134.1000.01 Благовещенск. Оплата потребления электроэнергии, пер. Св. Иннокентия, 17 (Объект № 2)",02 2022,83712.32
324,Электроэнергия,"134.1000.01 Благовещенск. Оплата потребления электроэнергии, пер. Св. Иннокентия, 17 (Объект № 2)",03 2022,83732.51
325,Электроэнергия,"134.1000.01 Благовещенск. Оплата потребления электроэнергии, пер. Св. Иннокентия, 17 (Объект № 2)",04 2022,83752.7
326,Электроэнергия,"134.1000.01 Благовещенск. Оплата потребления электроэнергии, пер. Св. Иннокентия, 17 (Объект № 2)",05 2022,83772.9
327,Электроэнергия,"134.1000.01 Благовещенск. Оплата потребления электроэнергии, пер. Св. Иннокентия, 17 (Объект № 2)",06 2022,83793.09
328,Электроэнергия,"134.1000.01 Благовещенск. Оплата потребления электроэнергии, пер. Св. Иннокентия, 17 (Объект № 2)",07 2022,83813.305
329,Электроэнергия,"134.1000.01 Благовещенск. Оплата потребления электроэнергии, пер. Св. Иннокентия, 17 (Объект № 2)",08 2022,83833.49
330,Электроэнергия,"134.1000.01 Благовещенск. Оплата потребления электроэнергии, пер. Св. Иннокентия, 17 (Объект № 2)",09 2022,83853.69
331,Электроэнергия,"134.1000.01 Благовещенск. Оплата потребления электроэнергии, пер. Св. Иннокентия, 17 (Объект № 2)",10 2022,2396.842
332,Электроэнергия,"134.1000.01 Благовещенск. Оплата потребления электроэнергии, пер. Св. Иннокентия, 17 (Объект № 2)",11 2022,2400.35
333,Электроэнергия,"134.1000.01 Благовещенск. Оплата потребления электроэнергии, пер. Св. Иннокентия, 17 (Объект № 2)",12 2022,2403.8582
334,Электроэнергия,"134.1000.01 Благовещенск. Оплата потребления электроэнергии, ул. Б-Хмельницкого,52/2",02 2022,93004.67
335,Электроэнергия,"134.1000.01 Благовещенск. Оплата потребления электроэнергии, ул. Б-Хмельницкого,52/2",03 2022,93025.484
336,Электроэнергия,"134.1000.01 Благовещенск. Оплата потребления электроэнергии, ул. Б-Хмельницкого,52/2",04 2022,93046.29
337,Электроэнергия,"134.1000.01 Благовещенск. Оплата потребления электроэнергии, ул. Б-Хмельницкого,52/2",05 2022,93067.09
338,Электроэнергия,"134.1000.01 Благовещенск. Оплата потребления электроэнергии, ул. Б-Хмельницкого,52/2",06 2022,93087.89
339,Электроэнергия,"134.1000.01 Благовещенск. Оплата потребления электроэнергии, ул. Б-Хмельницкого,52/2",07 2022,93108.7
340,Электроэнергия,"134.1000.01 Благовещенск. Оплата потребления электроэнергии, ул. Б-Хмельницкого,52/2",08 2022,93129.5
341,Электроэнергия,"134.1000.01 Благовещенск. Оплата потребления электроэнергии, ул. Б-Хмельницкого,52/2",09 2022,93150.305
342,Электроэнергия,"134.1000.01 Благовещенск. Оплата потребления электроэнергии, ул. Б-Хмельницкого,52/2",10 2022,23698.363
343,Электроэнергия,"134.1000.01 Благовещенск. Оплата потребления электроэнергии, ул. Б-Хмельницкого,52/2",11 2022,23701.367
344,Электроэнергия,"134.1000.01 Благовещенск. Оплата потребления электроэнергии, ул. Б-Хмельницкого,52/2",12 2022,23704.375
345,Электроэнергия,"134.1000.01 Магадан Оплата потребления электроэнергии ул. Пушкина, 4",01 2022,283575.12
346,Электроэнергия,"134.1000.01 Магадан Оплата потребления электроэнергии ул. Пушкина, 4",02 2022,283569.62
347,Электроэнергия,"134.1000.01 Магадан Оплата потребления электроэнергии ул. Пушкина, 4",03 2022,283564.12
348,Электроэнергия,"134.1000.01 Магадан Оплата потребления электроэнергии ул. Пушкина, 4",04 2022,283558.66
349,Электроэнергия,"134.1000.01 Магадан Оплата потребления электроэнергии ул. Пушкина, 4",05 2022,283553.12
350,Электроэнергия,"134.1000.01 Магадан Оплата потребления электроэнергии ул. Пушкина, 4",06 2022,283547.66
351,Электроэнергия,"134.1000.01 Магадан Оплата потребления электроэнергии ул. Пушкина, 4",07 2022,283542.2
352,Электроэнергия,"134.1000.01 Магадан Оплата потребления электроэнергии ул. Пушкина, 4",08 2022,283536.7
353,Электроэнергия,"134.1000.01 Магадан Оплата потребления электроэнергии ул. Пушкина, 4",09 2022,283531.2
354,Электроэнергия,"134.1000.01 Магадан Оплата потребления электроэнергии ул. Пушкина, 4",10 2022,203506.23
355,Электроэнергия,"134.1000.01 Магадан Оплата потребления электроэнергии ул. Пушкина, 4",11 2022,203502.95
356,Электроэнергия,"134.1000.01 Магадан Оплата потребления электроэнергии ул. Пушкина, 4",12 2022,203499.66
357,Водоснабжение,"134.1000.03 Хабаровск Оплата за водоотведение  по тарифам  г.Хабаровск, ул. Воронежская, 154",02 2022,8133.5547
358,Водоснабжение,"134.1000.03 Хабаровск Оплата за водоотведение  по тарифам  г.Хабаровск, ул. Воронежская, 154",03 2022,8133.851
359,Водоснабжение,"134.1000.03 Хабаровск Оплата за водоотведение  по тарифам  г.Хабаровск, ул. Воронежская, 154",04 2022,8134.1465
360,Водоснабжение,"134.1000.03 Хабаровск Оплата за водоотведение  по тарифам  г.Хабаровск, ул. Воронежская, 154",05 2022,8134.4424
361,Водоснабжение,"134.1000.03 Хабаровск Оплата за водоотведение  по тарифам  г.Хабаровск, ул. Воронежская, 154",06 2022,8134.739
362,Водоснабжение,"134.1000.03 Хабаровск Оплата за водоотведение  по тарифам  г.Хабаровск, ул. Воронежская, 154",07 2022,8135.0347
363,Водоснабжение,"134.1000.03 Хабаровск Оплата за водоотведение  по тарифам  г.Хабаровск, ул. Воронежская, 154",08 2022,8135.331
364,Водоснабжение,"134.1000.03 Хабаровск Оплата за водоотведение  по тарифам  г.Хабаровск, ул. Воронежская, 154",09 2022,8135.627
365,Водоснабжение,"134.1000.03 Хабаровск Оплата за водоотведение  по тарифам  г.Хабаровск, ул. Воронежская, 154",10 2022,-1080.9758
366,Водоснабжение,"134.1000.03 Хабаровск Оплата за водоотведение  по тарифам  г.Хабаровск, ул. Воронежская, 154",11 2022,-1081.135
367,Водоснабжение,"134.1000.03 Хабаровск Оплата за водоотведение  по тарифам  г.Хабаровск, ул. Воронежская, 154",12 2022,-1081.2942
368,Водоснабжение,"134.1000.03  Хабаровск Оплата за холодное водоснабжение  по тарифам  г. Хабаровск, ул. Воронежская, 154",02 2022,8133.5547
369,Водоснабжение,"134.1000.03  Хабаровск Оплата за холодное водоснабжение  по тарифам  г. Хабаровск, ул. Воронежская, 154",03 2022,8133.851
370,Водоснабжение,"134.1000.03  Хабаровск Оплата за холодное водоснабжение  по тарифам  г. Хабаровск, ул. Воронежская, 154",04 2022,8134.1465
371,Водоснабжение,"134.1000.03  Хабаровск Оплата за холодное водоснабжение  по тарифам  г. Хабаровск, ул. Воронежская, 154",05 2022,8134.4424
372,Водоснабжение,"134.1000.03  Хабаровск Оплата за холодное водоснабжение  по тарифам  г. Хабаровск, ул. Воронежская, 154",06 2022,8134.739
373,Водоснабжение,"134.1000.03  Хабаровск Оплата за холодное водоснабжение  по тарифам  г. Хабаровск, ул. Воронежская, 154",07 2022,8135.0347
374,Водоснабжение,"134.1000.03  Хабаровск Оплата за холодное водоснабжение  по тарифам  г. Хабаровск, ул. Воронежская, 154",08 2022,8135.331
375,Водоснабжение,"134.1000.03  Хабаровск Оплата за холодное водоснабжение  по тарифам  г. Хабаровск, ул. Воронежская, 154",09 2022,8135.627
376,Водоснабжение,"134.1000.03  Хабаровск Оплата за холодное водоснабжение  по тарифам  г. Хабаровск, ул. Воронежская, 154",10 2022,-1080.9758
377,Водоснабжение,"134.1000.03  Хабаровск Оплата за холодное водоснабжение  по тарифам  г. Хабаровск, ул. Воронежская, 154",11 2022,-1081.135
378,Водоснабжение,"134.1000.03  Хабаровск Оплата за холодное водоснабжение  по тарифам  г. Хабаровск, ул. Воронежская, 154",12 2022,-1081.2942
379,Водоснабжение,"134.1000.03  Хабаровск Оплата за горячее  водоснабжение по тарифам  г. Хабаровск, ул. Воронежская, 154",06 2022,8134.739
380,Водоснабжение,"134.1000.03  Хабаровск Оплата за горячее  водоснабжение по тарифам  г. Хабаровск, ул. Воронежская, 154",07 2022,8135.0347
381,Водоснабжение,"134.1000.03  Хабаровск Оплата за горячее  водоснабжение по тарифам  г. Хабаровск, ул. Воронежская, 154",08 2022,8135.331
382,Водоснабжение,"134.1000.03  Хабаровск Оплата за горячее  водоснабжение по тарифам  г. Хабаровск, ул. Воронежская, 154",09 2022,8135.627
383,Водоснабжение,"134.1000.03  Хабаровск Оплата за горячее  водоснабжение по тарифам  г. Хабаровск, ул. Воронежская, 154",10 2022,-1080.9758
384,Водоснабжение,"134.1000.03  Хабаровск Оплата за горячее  водоснабжение по тарифам  г. Хабаровск, ул. Воронежская, 154",11 2022,-1081.135
385,Водоснабжение,"134.1000.03  Хабаровск Оплата за горячее  водоснабжение по тарифам  г. Хабаровск, ул. Калинина, 156",11 2022,-201.90921
386,Водоснабжение,"134.1000.03  Хабаровск Оплата за горячее  водоснабжение по тарифам  г. Хабаровск, ул. Калинина, 156",12 2022,-201.9032
387,Электроэнергия,"134.1000.01 Якутия Оплата потребления электроэнергии г.Покровск ул. Орджоникидзе,24",02 2022,17710.982
388,Электроэнергия,"134.1000.01 Якутия Оплата потребления электроэнергии г.Покровск ул. Орджоникидзе,24",03 2022,17696.744
389,Электроэнергия,"134.1000.01 Якутия Оплата потребления электроэнергии г.Покровск ул. Орджоникидзе,24",04 2022,17682.51
390,Электроэнергия,"134.1000.01 Якутия Оплата потребления электроэнергии г.Покровск ул. Орджоникидзе,24",05 2022,17668.275
391,Электроэнергия,"134.1000.01 Якутия Оплата потребления электроэнергии г.Покровск ул. Орджоникидзе,24",06 2022,17654.04
392,Электроэнергия,"134.1000.01 Якутия Оплата потребления электроэнергии г.Покровск ул. Орджоникидзе,24",07 2022,12032.402
393,Электроэнергия,"134.1000.01 Якутия Оплата потребления электроэнергии г. Ленск, Ленина,70",02 2022,29121.297
394,Электроэнергия,"134.1000.01 Якутия Оплата потребления электроэнергии г. Ленск, Ленина,70",03 2022,29107.062
395,Электроэнергия,"134.1000.01 Якутия Оплата потребления электроэнергии г. Ленск, Ленина,70",04 2022,29092.828
396,Электроэнергия,"134.1000.01 Якутия Оплата потребления электроэнергии г. Ленск, Ленина,70",05 2022,29078.592
397,Электроэнергия,"134.1000.01 Якутия Оплата потребления электроэнергии г. Ленск, Ленина,70",07 2022,29050.123
398,Электроэнергия,"134.1000.01 Якутия Оплата потребления электроэнергии г. Ленск, Ленина,70",08 2022,29035.887
399,Электроэнергия,"134.1000.01 Якутия Оплата потребления электроэнергии г. Ленск, Ленина,70",09 2022,29021.65
400,Электроэнергия,"134.1000.01 Якутия Оплата потребления электроэнергии г. Ленск, Ленина,70",10 2022,9183.417
401,Электроэнергия,"134.1000.01 Якутия Оплата потребления электроэнергии г. Ленск, Ленина,70",11 2022,9178.299
402,Электроэнергия,"134.1000.01 Якутия Оплата потребления электроэнергии г. Ленск, Ленина,70",12 2022,9173.18
403,Электроэнергия,"134.1000.01 Якутия Оплата потребления электроэнергии г.Нерюнгри пр. Ленина,25",02 2022,1484.7698
404,Электроэнергия,"134.1000.01 Якутия Оплата потребления электроэнергии г.Нерюнгри пр. Ленина,25",03 2022,1470.8164
405,Электроэнергия,"134.1000.01 Якутия Оплата потребления электроэнергии г.Нерюнгри пр. Ленина,25",04 2022,1456.8671
406,Электроэнергия,"134.1000.01 Якутия Оплата потребления электроэнергии г.Нерюнгри пр. Ленина,25",05 2022,1442.9152
407,Электроэнергия,"134.1000.01 Якутия Оплата потребления электроэнергии г.Нерюнгри пр. Ленина,25",06 2022,1428.9639
408,Электроэнергия,"134.1000.01 Якутия Оплата потребления электроэнергии г.Нерюнгри пр. Ленина,25",07 2022,1415.013
409,Электроэнергия,"134.1000.01 Якутия Оплата потребления электроэнергии г.Нерюнгри пр. Ленина,25",08 2022,1401.0625
410,Электроэнергия,"134.1000.01 Якутия Оплата потребления электроэнергии г.Нерюнгри пр. Ленина,25",09 2022,1387.1102
411,Электроэнергия,"134.1000.01 Якутия Оплата потребления электроэнергии г.Нерюнгри пр. Ленина,25",10 2022,40684.152
412,Электроэнергия,"134.1000.01 Якутия Оплата потребления электроэнергии г.Нерюнгри пр. Ленина,25",11 2022,40679.03
413,Электроэнергия,"134.1000.01 Якутия Оплата потребления электроэнергии г.Нерюнгри пр. Ленина,25",12 2022,40673.914
414,Электроэнергия,"134.1000.01 Якутия Оплата потребления электроэнергии ул. Кирова,17 М (гараж Литер Д1)",04 2022,10636.683
415,Электроэнергия,"134.1000.01 Якутия Оплата потребления электроэнергии ул. Кирова,17 М (гараж Литер Д1)",05 2022,10623.376
416,Электроэнергия,"134.1000.01 Якутия Оплата потребления электроэнергии ул. Кирова,17 М (гараж Литер Д1)",07 2022,10596.764
417,Электроэнергия,"134.1000.01 Якутия Оплата потребления электроэнергии ул. Кирова,17 М (гараж Литер Д1)",09 2022,10570.149
418,Электроэнергия,"134.1000.01 Якутия Оплата потребления электроэнергии ул. Кирова,17 М (гараж Литер Д1)",10 2022,3598.2212
419,Электроэнергия,"134.1000.01 Якутия Оплата потребления электроэнергии ул. Кирова,17 М (гараж Литер Д1)",11 2022,3593.0796
420,Электроэнергия,"134.1000.01 Якутия Оплата потребления электроэнергии ул. Кирова,17 М (гараж Литер Д1)",12 2022,3587.9387
421,Коммунальные услуги (расходы прошлых лет),134.1000.05 Якутия. Оплата потребления электроэнергии г. Ленск,01 2022,313.6365
422,Электроэнергия,"134.1000.01 ДГУ. Оплата за электроэнергию по тарифам ул.Семеновская, 29",01 2023,16894.682
423,Электроэнергия,"134.1000.01 ДГУ. Оплата за электроэнергию по тарифам ул.Семеновская, 29",02 2023,16883.174
424,Электроэнергия,"134.1000.01 ДГУ. Оплата за электроэнергию по тарифам ул.Семеновская, 29",03 2023,16871.662
425,Электроэнергия,"134.1000.01 ДГУ. Оплата за электроэнергию по тарифам ул.Семеновская, 29",04 2023,16860.152
426,Электроэнергия,"134.1000.01 ДГУ. Оплата за электроэнергию по тарифам ул.Семеновская, 29",05 2023,16848.643
427,Электроэнергия,"134.1000.01 ДГУ. Оплата за электроэнергию по тарифам ул.Семеновская, 29",06 2023,16837.133
428,Электроэнергия,"134.1000.01 ДГУ. Оплата за электроэнергию по тарифам ул.Семеновская, 29",07 2023,16825.623
429,Электроэнергия,"134.1000.01 ДГУ. Оплата за электроэнергию по тарифам ул.Семеновская, 29",08 2023,16814.111
430,Электроэнергия,"134.1000.01 ДГУ. Оплата за электроэнергию по тарифам ул.Семеновская, 29",09 2023,16802.604
431,Электроэнергия,"134.1000.01 ДГУ. Оплата за электроэнергию по тарифам ул.Светланская, 71",01 2023,64411.68
432,Электроэнергия,"134.1000.01 ДГУ. Оплата за электроэнергию по тарифам ул.Светланская, 71",02 2023,64400.164
433,Электроэнергия,"134.1000.01 ДГУ. Оплата за электроэнергию по тарифам ул.Светланская, 71",03 2023,64388.656
434,Электроэнергия,"134.1000.01 ДГУ. Оплата за электроэнергию по тарифам ул.Светланская, 71",04 2023,64377.152
435,Электроэнергия,"134.1000.01 ДГУ. Оплата за электроэнергию по тарифам ул.Светланская, 71",05 2023,64365.637
436,Электроэнергия,"134.1000.01 ДГУ. Оплата за электроэнергию по тарифам ул.Светланская, 71",06 2023,64354.133
437,Электроэнергия,"134.1000.01 ДГУ. Оплата за электроэнергию по тарифам ул.Светланская, 71",07 2023,64342.617
438,Электроэнергия,"134.1000.01 ДГУ. Оплата за электроэнергию по тарифам ул.Светланская, 71",08 2023,64331.105
439,Электроэнергия,"134.1000.01 ДГУ. Оплата за электроэнергию по тарифам ул.Светланская, 71",09 2023,64319.598
440,Электроэнергия,"134.1000.01 ДГУ. Оплата за электроэнергию по тарифам ул.Светланская,71 Пристройка",01 2023,64411.68
441,Электроэнергия,"134.1000.01 ДГУ. Оплата за электроэнергию по тарифам ул.Светланская,71 Пристройка",02 2023,64400.164
442,Электроэнергия,"134.1000.01 ДГУ. Оплата за электроэнергию по тарифам ул.Светланская,71 Пристройка",03 2023,64388.656
443,Электроэнергия,"134.1000.01 ДГУ. Оплата за электроэнергию по тарифам ул.Светланская,71 Пристройка",04 2023,64377.152
444,Электроэнергия,"134.1000.01 ДГУ. Оплата за электроэнергию по тарифам ул.Светланская,71 Пристройка",05 2023,64365.637
445,Электроэнергия,"134.1000.01 ДГУ. Оплата за электроэнергию по тарифам ул.Светланская,71 Пристройка",06 2023,64354.133
446,Электроэнергия,"134.1000.01 ДГУ. Оплата за электроэнергию по тарифам ул.Светланская,71 Пристройка",07 2023,64342.617
447,Электроэнергия,"134.1000.01 ДГУ. Оплата за электроэнергию по тарифам ул.Светланская,71 Пристройка",08 2023,64331.105
448,Электроэнергия,"134.1000.01 ДГУ. Оплата за электроэнергию по тарифам ул.Светланская,71 Пристройка",09 2023,64319.598
449,Электроэнергия,"134.1000.01 ДГУ. Оплата за электроэнергию по тарифам ул.Светланская,73",01 2023,10233.91
450,Электроэнергия,"134.1000.01 ДГУ. Оплата за электроэнергию по тарифам ул.Светланская,73",02 2023,10230.429
451,Электроэнергия,"134.1000.01 ДГУ. Оплата за электроэнергию по тарифам ул.Светланская,73",03 2023,10226.948
452,Электроэнергия,"134.1000.01 ДГУ. Оплата за электроэнергию по тарифам ул.Светланская,73",04 2023,10223.467
453,Электроэнергия,"134.1000.01 ДГУ. Оплата за электроэнергию по тарифам ул.Светланская,73",05 2023,10219.986
454,Электроэнергия,"134.1000.01 ДГУ. Оплата за электроэнергию по тарифам ул.Светланская,73",06 2023,10216.505
455,Электроэнергия,"134.1000.01 ДГУ. Оплата за электроэнергию по тарифам ул.Светланская,73",07 2023,5606.332
456,Электроэнергия,"134.1000.01 ДГУ. Оплата за электроэнергию по тарифам ул.Светланская,73",08 2023,5593.695
457,Электроэнергия,"134.1000.01 ДГУ. Оплата за электроэнергию по тарифам ул.Светланская,73",09 2023,5580.8374
458,Электроэнергия,"134.1000.01 ДГУ. Оплата за электроэнергию по тарифам ул.Светланская,73 А",01 2023,11577.997
459,Электроэнергия,"134.1000.01 ДГУ. Оплата за электроэнергию по тарифам ул.Светланская,73 А",02 2023,11566.486
460,Электроэнергия,"134.1000.01 ДГУ. Оплата за электроэнергию по тарифам ул.Светланская,73 А",03 2023,11554.977
461,Электроэнергия,"134.1000.01 ДГУ. Оплата за электроэнергию по тарифам ул.Светланская,73 А",04 2023,11543.469
462,Электроэнергия,"134.1000.01 ДГУ. Оплата за электроэнергию по тарифам ул.Светланская,73 А",05 2023,11531.958
463,Электроэнергия,"134.1000.01 ДГУ. Оплата за электроэнергию по тарифам ул.Светланская,73 А",06 2023,11520.448
464,Электроэнергия,"134.1000.01 ДГУ. Оплата за электроэнергию по тарифам ул.Светланская,73 А",07 2023,11508.938
465,Электроэнергия,"134.1000.01 ДГУ. Оплата за электроэнергию по тарифам ул.Светланская,73 А",08 2023,11497.429
466,Электроэнергия,"134.1000.01 ДГУ. Оплата за электроэнергию по тарифам ул.Светланская,73 А",09 2023,11485.92
467,Электроэнергия,"134.1000.01 ДГУ. Оплата за электроэнергию по тарифам ул.Фонтанная, 19",01 2023,9265.563
468,Электроэнергия,"134.1000.01 ДГУ. Оплата за электроэнергию по тарифам ул.Фонтанная, 19",02 2023,9254.054
469,Электроэнергия,"134.1000.01 ДГУ. Оплата за электроэнергию по тарифам ул.Фонтанная, 19",03 2023,9242.544
470,Электроэнергия,"134.1000.01 ДГУ. Оплата за электроэнергию по тарифам ул.Фонтанная, 19",04 2023,9231.034
471,Электроэнергия,"134.1000.01 ДГУ. Оплата за электроэнергию по тарифам ул.Фонтанная, 19",05 2023,9219.524
472,Электроэнергия,"134.1000.01 ДГУ. Оплата за электроэнергию по тарифам ул.Фонтанная, 19",06 2023,9208.015
473,Электроэнергия,"134.1000.01 ДГУ. Оплата за электроэнергию по тарифам ул.Фонтанная, 19",07 2023,9196.505
474,Электроэнергия,"134.1000.01 ДГУ. Оплата за электроэнергию по тарифам ул.Фонтанная, 19",08 2023,9184.995
475,Электроэнергия,"134.1000.01 ДГУ. Оплата за электроэнергию по тарифам ул.Фонтанная, 19",09 2023,9173.485
476,Электроэнергия,"134.1000.01 ДГУ. Оплата за электроэнергию по тарифам Океанский пр-т, 34",01 2023,166413.36
477,Электроэнергия,"134.1000.01 ДГУ. Оплата за электроэнергию по тарифам Океанский пр-т, 34",02 2023,166401.86
478,Электроэнергия,"134.1000.01 ДГУ. Оплата за электроэнергию по тарифам Океанский пр-т, 34",03 2023,166390.34
479,Электроэнергия,"134.1000.01 ДГУ. Оплата за электроэнергию по тарифам Океанский пр-т, 34",04 2023,166378.84
480,Электроэнергия,"134.1000.01 ДГУ. Оплата за электроэнергию по тарифам Океанский пр-т, 34",05 2023,166367.33
481,Электроэнергия,"134.1000.01 ДГУ. Оплата за электроэнергию по тарифам Океанский пр-т, 34",06 2023,166355.83
482,Электроэнергия,"134.1000.01 ДГУ. Оплата за электроэнергию по тарифам Океанский пр-т, 34",07 2023,166344.33
483,Электроэнергия,"134.1000.01 ДГУ. Оплата за электроэнергию по тарифам Океанский пр-т, 34",08 2023,166332.8
484,Электроэнергия,"134.1000.01 ДГУ. Оплата за электроэнергию по тарифам Океанский пр-т, 34",09 2023,166321.3
485,Электроэнергия,"134.1000.01 ДГУ. Оплата за электроэнергию по тарифам  ул.Светланская, 111",01 2023,67108.8
486,Электроэнергия,"134.1000.01 ДГУ. Оплата за электроэнергию по тарифам  ул.Светланская, 111",02 2023,67097.28
487,Электроэнергия,"134.1000.01 ДГУ. Оплата за электроэнергию по тарифам  ул.Светланская, 111",03 2023,67085.77
488,Электроэнергия,"134.1000.01 ДГУ. Оплата за электроэнергию по тарифам  ул.Светланская, 111",04 2023,67074.26
489,Электроэнергия,"134.1000.01 ДГУ. Оплата за электроэнергию по тарифам  ул.Светланская, 111",05 2023,67062.76
490,Электроэнергия,"134.1000.01 ДГУ. Оплата за электроэнергию по тарифам  ул.Светланская, 111",06 2023,67051.25
491,Электроэнергия,"134.1000.01 ДГУ. Оплата за электроэнергию по тарифам  ул.Светланская, 111",07 2023,67039.73
492,Электроэнергия,"134.1000.01 ДГУ. Оплата за электроэнергию по тарифам  ул.Светланская, 111",08 2023,67028.23
493,Электроэнергия,"134.1000.01 ДГУ. Оплата за электроэнергию по тарифам  ул.Светланская, 111",09 2023,67016.72
494,Электроэнергия,"134.1000.01 ДГУ. Оплата за электроэнергию по тарифам ул.Светланская,69",03 2023,17140.045
495,Электроэнергия,"134.1000.01 ДГУ. Оплата за электроэнергию по тарифам ул.Светланская,69",04 2023,17128.533
496,Электроэнергия,"134.1000.01 ДГУ. Оплата за электроэнергию по тарифам ул.Светланская,69",05 2023,17117.025
497,Электроэнергия,"134.1000.01 ДГУ. Оплата за электроэнергию по тарифам ул.Светланская,69",06 2023,17105.516
498,Электроэнергия,"134.1000.01 ДГУ. Оплата за электроэнергию по тарифам ул.Светланская,69",08 2023,17082.496
499,Электроэнергия,"134.1000.01 ДГУ. Оплата за электроэнергию по тарифам ул.Светланская,69",09 2023,17070.986
500,Электроэнергия,"134.1000.01 ДГУ. Оплата за электроэнергию по тарифам  ул.Мордовцева, 6",03 2023,11103.627
501,Электроэнергия,"134.1000.01 ДГУ. Оплата за электроэнергию по тарифам  ул.Мордовцева, 6",04 2023,11092.116
502,Электроэнергия,"134.1000.01 ДГУ. Оплата за электроэнергию по тарифам  ул.Мордовцева, 6",05 2023,11080.606
503,Электроэнергия,"134.1000.01 ДГУ. Оплата за электроэнергию по тарифам  ул.Мордовцева, 6",07 2023,11057.586
504,Электроэнергия,"134.1000.01 ДГУ. Оплата за электроэнергию по тарифам  ул.Мордовцева, 6",09 2023,11034.568
505,Электроэнергия,134.1000.01 ДГУ. Оплата за электроэнергию по тарифам РКЦ Находка,01 2023,1.5731237
506,Электроэнергия,134.1000.01 ДГУ. Оплата за электроэнергию по тарифам РКЦ Находка,02 2023,1.7455497
507,Электроэнергия,134.1000.01 ДГУ. Оплата за электроэнергию по тарифам РКЦ Находка,03 2023,1.9882572
508,Электроэнергия,134.1000.01 ДГУ. Оплата за электроэнергию по тарифам РКЦ Находка,04 2023,2.2843316
509,Электроэнергия,134.1000.01 ДГУ. Оплата за электроэнергию по тарифам РКЦ Находка,05 2023,2.6220014
510,Электроэнергия,134.1000.01 ДГУ. Оплата за электроэнергию по тарифам РКЦ Находка,06 2023,3.0101898
511,Электроэнергия,134.1000.01 ДГУ. Оплата за электроэнергию по тарифам РКЦ Находка,07 2023,4.055117
512,Электроэнергия,134.1000.01 ДГУ. Оплата за электроэнергию по тарифам РКЦ Находка,08 2023,5.1254153
513,Электроэнергия,134.1000.01 ДГУ. Оплата за электроэнергию по тарифам РКЦ Находка,09 2023,6.2595162
514,Электроэнергия,134.1000.01 ДГУ. Оплата за электроэнергию по тарифам РКЦ Уссурийск,01 2023,15359.18
515,Электроэнергия,134.1000.01 ДГУ. Оплата за электроэнергию по тарифам РКЦ Уссурийск,02 2023,15347.669
516,Электроэнергия,134.1000.01 ДГУ. Оплата за электроэнергию по тарифам РКЦ Уссурийск,03 2023,15336.158
517,Электроэнергия,134.1000.01 ДГУ. Оплата за электроэнергию по тарифам РКЦ Уссурийск,04 2023,15324.649
518,Электроэнергия,134.1000.01 ДГУ. Оплата за электроэнергию по тарифам РКЦ Уссурийск,05 2023,15313.141
519,Электроэнергия,134.1000.01 ДГУ. Оплата за электроэнергию по тарифам РКЦ Уссурийск,06 2023,15301.63
520,Электроэнергия,134.1000.01 ДГУ. Оплата за электроэнергию по тарифам РКЦ Уссурийск,07 2023,15290.12
521,Электроэнергия,134.1000.01 ДГУ. Оплата за электроэнергию по тарифам РКЦ Уссурийск,08 2023,15278.61
522,Электроэнергия,134.1000.01 ДГУ. Оплата за электроэнергию по тарифам РКЦ Уссурийск,09 2023,15267.102
523,Отопление,"134.1000.02 ДГУ. Оплата за тепловую энергию по тарифам здание ул.Светланская, 71",02 2023,23672.928
524,Отопление,"134.1000.02 ДГУ. Оплата за тепловую энергию по тарифам здание ул.Светланская, 71",03 2023,23624.781
525,Отопление,"134.1000.02 ДГУ. Оплата за тепловую энергию по тарифам здание ул.Светланская, 71",04 2023,23576.633
526,Отопление,"134.1000.02 ДГУ. Оплата за тепловую энергию по тарифам здание ул.Светланская, 71",05 2023,23528.486
527,Отопление,"134.1000.02 ДГУ. Оплата за тепловую энергию по тарифам здание ул.Светланская, 71",06 2023,23480.338
528,Отопление,"134.1000.02 ДГУ. Оплата за тепловую энергию по тарифам здание ул.Светланская, 71 пристройка",02 2023,23672.928
529,Отопление,"134.1000.02 ДГУ. Оплата за тепловую энергию по тарифам здание ул.Светланская, 71 пристройка",03 2023,23624.781
530,Отопление,"134.1000.02 ДГУ. Оплата за тепловую энергию по тарифам здание ул.Светланская, 71 пристройка",04 2023,23576.633
531,Отопление,"134.1000.02 ДГУ. Оплата за тепловую энергию по тарифам здание ул.Светланская, 71 пристройка",05 2023,23528.486
532,Отопление,"134.1000.02 ДГУ. Оплата за тепловую энергию по тарифам здание ул.Светланская, 71 пристройка",06 2023,23480.338
533,Отопление,"134.1000.02 ДГУ. Оплата за тепловую энергию по тарифам здание ул.Светланская, 71 пристройка",08 2023,23384.043
534,Отопление,"134.1000.02 ДГУ. Оплата за тепловую энергию по тарифам здание ул.Светланская, 71 пристройка",09 2023,23335.896
535,Отопление,"134.1000.02 ДГУ. Оплата за тепловую энергию по тарифам здание ул.Светланская, 73",02 2023,3251.4797
536,Отопление,"134.1000.02 ДГУ. Оплата за тепловую энергию по тарифам здание ул.Светланская, 73",03 2023,3205.3022
537,Отопление,"134.1000.02 ДГУ. Оплата за тепловую энергию по тарифам здание ул.Светланская, 73",04 2023,3159.2388
538,Отопление,"134.1000.02 ДГУ. Оплата за тепловую энергию по тарифам здание ул.Светланская, 73",05 2023,3113.4727
539,Отопление,"134.1000.02 ДГУ. Оплата за тепловую энергию по тарифам здание ул.Светланская, 73",06 2023,3066.3232
540,Отопление,"134.1000.02 ДГУ. Оплата за тепловую энергию по тарифам здание ул.Светланская, 73",07 2023,1781.561
541,Отопление,"134.1000.02 ДГУ. Оплата за тепловую энергию по тарифам здание ул.Светланская, 73",08 2023,1733.5474
542,Отопление,"134.1000.02 ДГУ. Оплата за тепловую энергию по тарифам здание ул.Светланская, 73",09 2023,1685.5336
543,Отопление,"134.1000.02 ДГУ. Оплата за тепловую энергию по тарифам здание ул.Светланская, 73 А",02 2023,4222.069
544,Отопление,"134.1000.02 ДГУ. Оплата за тепловую энергию по тарифам здание ул.Светланская, 73 А",03 2023,4174.055
545,Отопление,"134.1000.02 ДГУ. Оплата за тепловую энергию по тарифам здание ул.Светланская, 73 А",04 2023,4126.0415
546,Отопление,"134.1000.02 ДГУ. Оплата за тепловую энергию по тарифам здание ул.Светланская, 73 А",05 2023,4078.027
547,Отопление,"134.1000.02 ДГУ. Оплата за тепловую энергию по тарифам здание ул.Светланская, 73 А",06 2023,4030.0137
548,Отопление,"134.1000.02 ДГУ. Оплата за тепловую энергию по тарифам здание ул.Светланская, 73 А",08 2023,3933.9858
549,Отопление,"134.1000.02 ДГУ. Оплата за тепловую энергию по тарифам здание ул.Светланская, 73 А",09 2023,3885.9722
550,Отопление,"134.1000.02 ДГУ. Оплата за тепловую энергию по тарифам здание ул.Фонтанная, 19",02 2023,3344.9983
551,Отопление,"134.1000.02 ДГУ. Оплата за тепловую энергию по тарифам здание ул.Фонтанная, 19",03 2023,3296.8508
552,Отопление,"134.1000.02 ДГУ. Оплата за тепловую энергию по тарифам здание ул.Фонтанная, 19",04 2023,3248.8015
553,Отопление,"134.1000.02 ДГУ. Оплата за тепловую энергию по тарифам здание ул.Фонтанная, 19",05 2023,3200.7878
554,Отопление,"134.1000.02 ДГУ. Оплата за тепловую энергию по тарифам здание ул.Фонтанная, 19",06 2023,3152.774
555,Отопление,"134.1000.02 ДГУ. Оплата за тепловую энергию по тарифам здание ул.Фонтанная, 19",07 2023,3104.7603
556,Отопление,"134.1000.02 ДГУ. Оплата за тепловую энергию по тарифам здание ул.Фонтанная, 19",08 2023,3056.7463
557,Отопление,"134.1000.02 ДГУ. Оплата за тепловую энергию по тарифам здание ул.Фонтанная, 19",09 2023,3008.7327
558,Отопление,"134.1000.02 ДГУ. Оплата за тепловую энергию по тарифам здание Океанский пр-т, 34",02 2023,61287.258
559,Отопление,"134.1000.02 ДГУ. Оплата за тепловую энергию по тарифам здание Океанский пр-т, 34",03 2023,61239.1
560,Отопление,"134.1000.02 ДГУ. Оплата за тепловую энергию по тарифам здание Океанский пр-т, 34",04 2023,61190.97
561,Отопление,"134.1000.02 ДГУ. Оплата за тепловую энергию по тарифам здание Океанский пр-т, 34",05 2023,61142.812
562,Отопление,"134.1000.02 ДГУ. Оплата за тепловую энергию по тарифам здание Океанский пр-т, 34",06 2023,61094.664
563,Отопление,"134.1000.02 ДГУ. Оплата за тепловую энергию по тарифам здание Океанский пр-т, 34",07 2023,61046.516
564,Отопление,"134.1000.02 ДГУ. Оплата за тепловую энергию по тарифам здание Океанский пр-т, 34",08 2023,60998.375
565,Отопление,"134.1000.02 ДГУ. Оплата за тепловую энергию по тарифам здание Океанский пр-т, 34",09 2023,60950.223
566,Отопление,"134.1000.02 ДГУ. Оплата за тепловую энергию по тарифам здание ул.Светланская, 111",02 2023,24674.943
567,Отопление,"134.1000.02 ДГУ. Оплата за тепловую энергию по тарифам здание ул.Светланская, 111",03 2023,24626.797
568,Отопление,"134.1000.02 ДГУ. Оплата за тепловую энергию по тарифам здание ул.Светланская, 111",04 2023,24578.648
569,Отопление,"134.1000.02 ДГУ. Оплата за тепловую энергию по тарифам здание ул.Светланская, 111",05 2023,24530.502
570,Отопление,"134.1000.02 ДГУ. Оплата за тепловую энергию по тарифам здание ул.Светланская, 111",06 2023,24482.354
571,Отопление,"134.1000.02 ДГУ. Оплата за тепловую энергию по тарифам здание ул.Светланская, 69",03 2023,6208.0234
572,Отопление,"134.1000.02 ДГУ. Оплата за тепловую энергию по тарифам здание ул.Светланская, 69",04 2023,6159.8755
573,Отопление,"134.1000.02 ДГУ. Оплата за тепловую энергию по тарифам здание ул.Светланская, 69",05 2023,6111.728
574,Отопление,"134.1000.02 ДГУ. Оплата за тепловую энергию по тарифам здание ул.Мордовцева, 6",03 2023,3982.8816
575,Отопление,"134.1000.02 ДГУ. Оплата за тепловую энергию по тарифам здание ул.Мордовцева, 6",04 2023,3934.7341
576,Отопление,"134.1000.02 ДГУ. Оплата за тепловую энергию по тарифам здание ул.Мордовцева, 6",05 2023,3886.7112
577,Отопление,"134.1000.02 ДГУ. Оплата за тепловую энергию по тарифам здание ул.Мордовцева, 6",07 2023,3790.683
578,Отопление,"134.1000.02 ДГУ. Оплата за тепловую энергию по тарифам здание ул.Мордовцева, 6",09 2023,3694.6558
579,Отопление,134.1000.02 ДГУ. Оплата за тепловую энергию по тарифам здание РКЦ Находка,02 2023,0.097115435
580,Отопление,134.1000.02 ДГУ. Оплата за тепловую энергию по тарифам здание РКЦ Находка,03 2023,0.097115435
581,Отопление,134.1000.02 ДГУ. Оплата за тепловую энергию по тарифам здание РКЦ Находка,05 2023,0.097115435
582,Отопление,134.1000.02 ДГУ. Оплата за тепловую энергию по тарифам здание РКЦ Находка,06 2023,0.097115435
583,Отопление,134.1000.02 ДГУ. Оплата за тепловую энергию по тарифам здание РКЦ Уссурийск,03 2023,5543.0757
584,Отопление,134.1000.02 ДГУ. Оплата за тепловую энергию по тарифам здание РКЦ Уссурийск,04 2023,5494.928
585,Отопление,134.1000.02 ДГУ. Оплата за тепловую энергию по тарифам здание РКЦ Уссурийск,05 2023,5446.7803
586,Отопление,134.1000.02 ДГУ. Оплата за тепловую энергию по тарифам здание РКЦ Уссурийск,06 2023,5398.6445
587,Отопление,134.1000.02 ДГУ. Оплата за тепловую энергию по тарифам здание РКЦ Уссурийск (гараж),03 2023,5543.0757
588,Отопление,134.1000.02 ДГУ. Оплата за тепловую энергию по тарифам здание РКЦ Уссурийск (гараж),04 2023,5494.928
589,Отопление,134.1000.02 ДГУ. Оплата за тепловую энергию по тарифам здание РКЦ Уссурийск (гараж),05 2023,5446.7803
590,Электроэнергия,"134.1000.01 Анадырь Оплата потребления электроэнергии ул. Дежнева,7",02 2023,302997.78
591,Электроэнергия,"134.1000.01 Анадырь Оплата потребления электроэнергии ул. Дежнева,7",03 2023,302964.5
592,Электроэнергия,"134.1000.01 Анадырь Оплата потребления электроэнергии ул. Дежнева,7",04 2023,302931.2
593,Электроэнергия,"134.1000.01 Анадырь Оплата потребления электроэнергии ул. Дежнева,7",05 2023,302897.88
594,Электроэнергия,"134.1000.01 Анадырь Оплата потребления электроэнергии ул. Дежнева,7",06 2023,302864.62
595,Электроэнергия,"134.1000.01 Анадырь Оплата потребления электроэнергии ул. Дежнева,7",07 2023,302831.34
596,Электроэнергия,"134.1000.01 Анадырь Оплата потребления электроэнергии ул. Дежнева,7",08 2023,302798.03
597,Электроэнергия,"134.1000.01 Анадырь Оплата потребления электроэнергии ул. Дежнева,7",09 2023,302764.8
598,Электроэнергия,"134.1000.01 Анадырь Оплата потребления электроэнергии ул. Южная, 1а (гараж)",02 2023,15623.801
599,Электроэнергия,"134.1000.01 Анадырь Оплата потребления электроэнергии ул. Южная, 1а (гараж)",03 2023,15590.513
600,Электроэнергия,"134.1000.01 Анадырь Оплата потребления электроэнергии ул. Южная, 1а (гараж)",04 2023,15557.221
601,Электроэнергия,"134.1000.01 Анадырь Оплата потребления электроэнергии ул. Южная, 1а (гараж)",05 2023,15523.933
602,Электроэнергия,"134.1000.01 Анадырь Оплата потребления электроэнергии ул. Южная, 1а (гараж)",06 2023,15490.644
603,Электроэнергия,"134.1000.01 Анадырь Оплата потребления электроэнергии ул. Южная, 1а (гараж)",07 2023,15457.353
604,Электроэнергия,"134.1000.01 Анадырь Оплата потребления электроэнергии ул. Южная, 1а (гараж)",08 2023,15424.063
605,Электроэнергия,"134.1000.01 Анадырь Оплата потребления электроэнергии ул. Южная, 1а (гараж)",09 2023,15390.775
606,Электроэнергия,"134.1000.01 Биробиджан Оплата потребления электроэнергии пр. 60 летия СССР, дом5",02 2023,27502.738
607,Электроэнергия,"134.1000.01 Биробиджан Оплата потребления электроэнергии пр. 60 летия СССР, дом5",03 2023,27503.414
608,Электроэнергия,"134.1000.01 Биробиджан Оплата потребления электроэнергии пр. 60 летия СССР, дом5",04 2023,27504.1
609,Электроэнергия,"134.1000.01 Биробиджан Оплата потребления электроэнергии пр. 60 летия СССР, дом5",05 2023,27504.777
610,Электроэнергия,"134.1000.01 Биробиджан Оплата потребления электроэнергии пр. 60 летия СССР, дом5",06 2023,27505.457
611,Электроэнергия,"134.1000.01 Биробиджан Оплата потребления электроэнергии пр. 60 летия СССР, дом5",07 2023,27506.137
612,Электроэнергия,"134.1000.01 Биробиджан Оплата потребления электроэнергии пр. 60 летия СССР, дом5",08 2023,27506.82
613,Электроэнергия,"134.1000.01 Биробиджан Оплата потребления электроэнергии пр. 60 летия СССР, дом5",09 2023,27507.5
614,Электроэнергия,134.1000.01 Биробиджан Оплата потребления электроэнергии ул. Чапаева 5А,02 2023,696.74054
615,Электроэнергия,134.1000.01 Биробиджан Оплата потребления электроэнергии ул. Чапаева 5А,03 2023,697.421
616,Электроэнергия,134.1000.01 Биробиджан Оплата потребления электроэнергии ул. Чапаева 5А,04 2023,698.10144
617,Электроэнергия,134.1000.01 Биробиджан Оплата потребления электроэнергии ул. Чапаева 5А,05 2023,698.78577
618,Электроэнергия,134.1000.01 Биробиджан Оплата потребления электроэнергии ул. Чапаева 5А,06 2023,699.5088
619,Электроэнергия,134.1000.01 Биробиджан Оплата потребления электроэнергии ул. Чапаева 5А,07 2023,700.23175
620,Электроэнергия,134.1000.01 Биробиджан Оплата потребления электроэнергии ул. Чапаева 5А,08 2023,700.95483
621,Электроэнергия,134.1000.01 Биробиджан Оплата потребления электроэнергии ул. Чапаева 5А,09 2023,701.6778
622,Электроэнергия,"134.1000.01 Благовещенск. Оплата потребления электроэнергии, ул. Б-Хмельницкого,52/2",02 2023,23674.318
623,Электроэнергия,"134.1000.01 Благовещенск. Оплата потребления электроэнергии, ул. Б-Хмельницкого,52/2",03 2023,23677.324
624,Электроэнергия,"134.1000.01 Благовещенск. Оплата потребления электроэнергии, ул. Б-Хмельницкого,52/2",05 2023,23683.334
625,Электроэнергия,"134.1000.01 Благовещенск. Оплата потребления электроэнергии, ул. Б-Хмельницкого,52/2",06 2023,23686.338
626,Электроэнергия,"134.1000.01 Благовещенск. Оплата потребления электроэнергии, ул. Б-Хмельницкого,52/2",07 2023,23689.348
627,Электроэнергия,"134.1000.01 Благовещенск. Оплата потребления электроэнергии, ул. Б-Хмельницкого,52/2",08 2023,23692.35
628,Электроэнергия,"134.1000.01 Благовещенск. Оплата потребления электроэнергии, ул. Б-Хмельницкого,52/2",09 2023,23695.357
629,Электроэнергия,"134.1000.01 Благовещенск. Оплата потребления электроэнергии, пер. Св. Иннокентия, 17 (пристройка)",02 2023,11643.263
630,Электроэнергия,"134.1000.01 Благовещенск. Оплата потребления электроэнергии, пер. Св. Иннокентия, 17 (пристройка)",03 2023,11646.238
631,Электроэнергия,"134.1000.01 Благовещенск. Оплата потребления электроэнергии, пер. Св. Иннокентия, 17 (пристройка)",04 2023,11649.214
632,Электроэнергия,"134.1000.01 Благовещенск. Оплата потребления электроэнергии, пер. Св. Иннокентия, 17 (пристройка)",05 2023,11652.188
633,Электроэнергия,"134.1000.01 Благовещенск. Оплата потребления электроэнергии, пер. Св. Иннокентия, 17 (пристройка)",06 2023,11655.164
634,Электроэнергия,"134.1000.01 Благовещенск. Оплата потребления электроэнергии, пер. Св. Иннокентия, 17 (пристройка)",07 2023,11658.14
635,Электроэнергия,"134.1000.01 Благовещенск. Оплата потребления электроэнергии, пер. Св. Иннокентия, 17 (пристройка)",08 2023,11661.114
636,Электроэнергия,"134.1000.01 Благовещенск. Оплата потребления электроэнергии, пер. Св. Иннокентия, 17 (пристройка)",09 2023,11664.09
637,Электроэнергия,"134.1000.01 Благовещенск. Оплата потребления электроэнергии, пер. Св. Иннокентия, 17 (Объект № 2)",02 2023,2369.6392
638,Электроэнергия,"134.1000.01 Благовещенск. Оплата потребления электроэнергии, пер. Св. Иннокентия, 17 (Объект № 2)",03 2023,2372.6448
639,Электроэнергия,"134.1000.01 Благовещенск. Оплата потребления электроэнергии, пер. Св. Иннокентия, 17 (Объект № 2)",04 2023,2375.7947
640,Электроэнергия,"134.1000.01 Благовещенск. Оплата потребления электроэнергии, пер. Св. Иннокентия, 17 (Объект № 2)",05 2023,2379.3025
641,Электроэнергия,"134.1000.01 Благовещенск. Оплата потребления электроэнергии, пер. Св. Иннокентия, 17 (Объект № 2)",06 2023,2382.8105
642,Электроэнергия,"134.1000.01 Благовещенск. Оплата потребления электроэнергии, пер. Св. Иннокентия, 17 (Объект № 2)",07 2023,2386.3184
643,Электроэнергия,"134.1000.01 Благовещенск. Оплата потребления электроэнергии, пер. Св. Иннокентия, 17 (Объект № 2)",08 2023,2389.8264
644,Электроэнергия,"134.1000.01 Благовещенск. Оплата потребления электроэнергии, пер. Св. Иннокентия, 17 (Объект № 2)",09 2023,2393.3345
645,Электроэнергия,"134.1000.01 Благовещенск. Оплата потребления электроэнергии, пер. Св. Иннокентия, 17 (гараж)",02 2023,6907.4707
646,Электроэнергия,"134.1000.01 Благовещенск. Оплата потребления электроэнергии, пер. Св. Иннокентия, 17 (гараж)",03 2023,6910.476
647,Электроэнергия,"134.1000.01 Благовещенск. Оплата потребления электроэнергии, пер. Св. Иннокентия, 17 (гараж)",05 2023,6916.4873
648,Электроэнергия,"134.1000.01 Благовещенск. Оплата потребления электроэнергии, пер. Св. Иннокентия, 17 (гараж)",06 2023,6919.493
649,Электроэнергия,"134.1000.01 Благовещенск. Оплата потребления электроэнергии, пер. Св. Иннокентия, 17 (гараж)",07 2023,6922.499
650,Электроэнергия,"134.1000.01 Благовещенск. Оплата потребления электроэнергии, пер. Св. Иннокентия, 17 (гараж)",08 2023,6925.5044
651,Электроэнергия,"134.1000.01 Благовещенск. Оплата потребления электроэнергии, пер. Св. Иннокентия, 17 (гараж)",09 2023,6928.5103
652,Электроэнергия,"134.1000.01 Благовещенск. Оплата потребления электроэнергии, пер. Св. Иннокентия, 17 (административное здание)",02 2023,30591.89
653,Электроэнергия,"134.1000.01 Благовещенск. Оплата потребления электроэнергии, пер. Св. Иннокентия, 17 (административное здание)",03 2023,30594.252
654,Электроэнергия,"134.1000.01 Благовещенск. Оплата потребления электроэнергии, пер. Св. Иннокентия, 17 (административное здание)",04 2023,24020.006
655,Электроэнергия,"134.1000.01 Благовещенск. Оплата потребления электроэнергии, пер. Св. Иннокентия, 17 (административное здание)",05 2023,24023.104
656,Электроэнергия,"134.1000.01 Благовещенск. Оплата потребления электроэнергии, пер. Св. Иннокентия, 17 (административное здание)",06 2023,24026.205
657,Электроэнергия,"134.1000.01 Благовещенск. Оплата потребления электроэнергии, пер. Св. Иннокентия, 17 (административное здание)",07 2023,24029.307
658,Электроэнергия,"134.1000.01 Благовещенск. Оплата потребления электроэнергии, пер. Св. Иннокентия, 17 (административное здание)",08 2023,24032.406
659,Электроэнергия,"134.1000.01 Благовещенск. Оплата потребления электроэнергии, пер. Св. Иннокентия, 17 (административное здание)",09 2023,24035.508
660,Электроэнергия,"134.1000.01 Благовещенск. Оплата потребления электроэнергии, пер. Св. Иннокентия, 17 ( Новая пристройка)",02 2023,11643.263
661,Электроэнергия,"134.1000.01 Благовещенск. Оплата потребления электроэнергии, пер. Св. Иннокентия, 17 ( Новая пристройка)",03 2023,11646.238
662,Электроэнергия,"134.1000.01 Благовещенск. Оплата потребления электроэнергии, пер. Св. Иннокентия, 17 ( Новая пристройка)",04 2023,11649.214
663,Электроэнергия,"134.1000.01 Благовещенск. Оплата потребления электроэнергии, пер. Св. Иннокентия, 17 ( Новая пристройка)",05 2023,11652.188
664,Электроэнергия,"134.1000.01 Благовещенск. Оплата потребления электроэнергии, пер. Св. Иннокентия, 17 ( Новая пристройка)",06 2023,11655.164
665,Электроэнергия,"134.1000.01 Благовещенск. Оплата потребления электроэнергии, пер. Св. Иннокентия, 17 ( Новая пристройка)",07 2023,11658.14
666,Электроэнергия,"134.1000.01 Благовещенск. Оплата потребления электроэнергии, пер. Св. Иннокентия, 17 ( Новая пристройка)",08 2023,11661.114
667,Электроэнергия,"134.1000.01 Благовещенск. Оплата потребления электроэнергии, пер. Св. Иннокентия, 17 ( Новая пристройка)",09 2023,11664.09
668,Коммунальные услуги (расходы прошлых лет),"134.1000.05 Благовещенск. Оплата потребления электроэнергии, пер. Св. Иннокентия, 17 ( Новая пристройка)",01 2023,5060.0444
669,Коммунальные услуги (расходы прошлых лет),"134.1000.05 Благовещенск. Оплата потребления электроэнергии, пер. Св. Иннокентия, 17 (административное здание)",01 2023,12328.35
670,Коммунальные услуги (расходы прошлых лет),"134.1000.05 Благовещенск. Оплата потребления электроэнергии, пер. Св. Иннокентия, 17 (административное здание)",02 2023,12330.546
671,Коммунальные услуги (расходы прошлых лет),"134.1000.05 Благовещенск. Оплата потребления электроэнергии, пер. Св. Иннокентия, 17 (гараж)",01 2023,2991.9402
672,Коммунальные услуги (расходы прошлых лет),"134.1000.05 Благовещенск. Оплата потребления электроэнергии, пер. Св. Иннокентия, 17 (Объект № 2)",01 2023,1017.874
673,Коммунальные услуги (расходы прошлых лет),"134.1000.05 Благовещенск. Оплата потребления электроэнергии, пер. Св. Иннокентия, 17 (пристройка)",01 2023,5060.0444
674,Коммунальные услуги (расходы прошлых лет),"134.1000.05 Благовещенск. Оплата потребления электроэнергии, ул. Б-Хмельницкого,52/2",01 2023,10293.664
675,Коммунальные услуги (расходы прошлых лет),"134.1000.05 Благовещенск. Оплата потребления электроэнергии, ул. Б-Хмельницкого,52/2",02 2023,10295.026
676,Электроэнергия,"134.1000.01 Магадан Оплата потребления электроэнергии ул. Пушкина, 4",02 2023,203532.53
677,Электроэнергия,"134.1000.01 Магадан Оплата потребления электроэнергии ул. Пушкина, 4",03 2023,203529.22
678,Электроэнергия,"134.1000.01 Магадан Оплата потребления электроэнергии ул. Пушкина, 4",04 2023,203525.94
679,Электроэнергия,"134.1000.01 Магадан Оплата потребления электроэнергии ул. Пушкина, 4",05 2023,203522.64
680,Электроэнергия,"134.1000.01 Магадан Оплата потребления электроэнергии ул. Пушкина, 4",06 2023,203519.36
681,Электроэнергия,"134.1000.01 Магадан Оплата потребления электроэнергии ул. Пушкина, 4",07 2023,203516.08
682,Электроэнергия,"134.1000.01 Магадан Оплата потребления электроэнергии ул. Пушкина, 4",08 2023,203512.8
683,Электроэнергия,"134.1000.01 Магадан Оплата потребления электроэнергии ул. Пушкина, 4",09 2023,203509.53
684,Водоснабжение,"134.1000.03 Хабаровск Оплата за водоотведение  по тарифам  г.Хабаровск, ул. Воронежская, 154",02 2023,-1079.7017
685,Водоснабжение,"134.1000.03 Хабаровск Оплата за водоотведение  по тарифам  г.Хабаровск, ул. Воронежская, 154",03 2023,-1079.8607
686,Водоснабжение,"134.1000.03 Хабаровск Оплата за водоотведение  по тарифам  г.Хабаровск, ул. Воронежская, 154",04 2023,-1080.0201
687,Водоснабжение,"134.1000.03 Хабаровск Оплата за водоотведение  по тарифам  г.Хабаровск, ул. Воронежская, 154",05 2023,-1080.1794
688,Водоснабжение,"134.1000.03 Хабаровск Оплата за водоотведение  по тарифам  г.Хабаровск, ул. Воронежская, 154",06 2023,-1080.3385
689,Водоснабжение,"134.1000.03 Хабаровск Оплата за водоотведение  по тарифам  г.Хабаровск, ул. Воронежская, 154",07 2023,-1080.498
690,Водоснабжение,"134.1000.03 Хабаровск Оплата за водоотведение  по тарифам  г.Хабаровск, ул. Воронежская, 154",08 2023,-1080.6571
691,Водоснабжение,"134.1000.03 Хабаровск Оплата за водоотведение  по тарифам  г.Хабаровск, ул. Воронежская, 154",09 2023,-1080.8165
692,Водоснабжение,"134.1000.03 Хабаровск Оплата за водоотведение  по тарифам  г.Хабаровск, ул. Калинина, 156",03 2023,-201.9572
693,Водоснабжение,"134.1000.03 Хабаровск Оплата за водоотведение  по тарифам  г.Хабаровск, ул. Калинина, 156",04 2023,-201.95116
694,Водоснабжение,"134.1000.03 Хабаровск Оплата за водоотведение  по тарифам  г.Хабаровск, ул. Калинина, 156",05 2023,-201.94513
695,Водоснабжение,"134.1000.03 Хабаровск Оплата за водоотведение  по тарифам  г.Хабаровск, ул. Калинина, 156",06 2023,-201.93922
696,Водоснабжение,"134.1000.03 Хабаровск Оплата за водоотведение  по тарифам  г.Хабаровск, ул. Калинина, 156",08 2023,-212.557
697,Водоснабжение,"134.1000.03 Хабаровск Оплата за водоотведение  по тарифам  г.Хабаровск, ул. Калинина, 156",09 2023,-212.71622
698,Водоснабжение,"134.1000.03  Хабаровск Оплата за холодное водоснабжение  по тарифам  г. Хабаровск, ул. Воронежская, 154",02 2023,-1079.7017
699,Водоснабжение,"134.1000.03  Хабаровск Оплата за холодное водоснабжение  по тарифам  г. Хабаровск, ул. Воронежская, 154",03 2023,-1079.8607
700,Водоснабжение,"134.1000.03  Хабаровск Оплата за холодное водоснабжение  по тарифам  г. Хабаровск, ул. Воронежская, 154",04 2023,-1080.0201
701,Водоснабжение,"134.1000.03  Хабаровск Оплата за холодное водоснабжение  по тарифам  г. Хабаровск, ул. Воронежская, 154",05 2023,-1080.1794
702,Водоснабжение,"134.1000.03  Хабаровск Оплата за холодное водоснабжение  по тарифам  г. Хабаровск, ул. Воронежская, 154",06 2023,-1080.3385
703,Водоснабжение,"134.1000.03  Хабаровск Оплата за холодное водоснабжение  по тарифам  г. Хабаровск, ул. Воронежская, 154",07 2023,-1080.498
704,Водоснабжение,"134.1000.03  Хабаровск Оплата за холодное водоснабжение  по тарифам  г. Хабаровск, ул. Воронежская, 154",08 2023,-1080.6571
705,Водоснабжение,"134.1000.03  Хабаровск Оплата за холодное водоснабжение  по тарифам  г. Хабаровск, ул. Воронежская, 154",09 2023,-1080.8165
706,Водоснабжение,"134.1000.03  Хабаровск Оплата за холодное водоснабжение  по тарифам  г. Хабаровск, ул. Калинина, 156",04 2023,-201.95116
707,Водоснабжение,"134.1000.03  Хабаровск Оплата за холодное водоснабжение  по тарифам  г. Хабаровск, ул. Калинина, 156",08 2023,-212.557
708,Водоснабжение,"134.1000.03  Хабаровск Оплата за холодное водоснабжение  по тарифам  г. Хабаровск, ул. Калинина, 156",09 2023,-212.71622
709,Водоснабжение,"134.1000.03  Хабаровск Оплата за горячее  водоснабжение по тарифам  г. Хабаровск, ул. Калинина, 156",02 2023,-201.96315
710,Водоснабжение,"134.1000.03  Хабаровск Оплата за горячее  водоснабжение по тарифам  г. Хабаровск, ул. Калинина, 156",03 2023,-201.9572
711,Водоснабжение,"134.1000.03  Хабаровск Оплата за горячее  водоснабжение по тарифам  г. Хабаровск, ул. Калинина, 156",04 2023,-201.95116
712,Водоснабжение,"134.1000.03  Хабаровск Оплата за горячее  водоснабжение по тарифам  г. Хабаровск, ул. Калинина, 156",05 2023,-201.94513
713,Электроэнергия,"134.1000.01 Якутия Оплата потребления электроэнергии г.Нерюнгри пр. Ленина,25",02 2023,40725.105
714,Электроэнергия,"134.1000.01 Якутия Оплата потребления электроэнергии г.Нерюнгри пр. Ленина,25",03 2023,40719.98
715,Электроэнергия,"134.1000.01 Якутия Оплата потребления электроэнергии г.Нерюнгри пр. Ленина,25",04 2023,40714.86
716,Электроэнергия,"134.1000.01 Якутия Оплата потребления электроэнергии г.Нерюнгри пр. Ленина,25",05 2023,40709.742
717,Электроэнергия,"134.1000.01 Якутия Оплата потребления электроэнергии г.Нерюнгри пр. Ленина,25",06 2023,40704.625
718,Электроэнергия,"134.1000.01 Якутия Оплата потребления электроэнергии г.Нерюнгри пр. Ленина,25",07 2023,40699.508
719,Электроэнергия,"134.1000.01 Якутия Оплата потребления электроэнергии г.Нерюнгри пр. Ленина,25",08 2023,40694.383
720,Электроэнергия,"134.1000.01 Якутия Оплата потребления электроэнергии г.Нерюнгри пр. Ленина,25",09 2023,40689.27
721,Электроэнергия,"134.1000.01 Якутия Оплата потребления электроэнергии ул. Октябрьская, 22",04 2023,11457.673
722,Электроэнергия,"134.1000.01 Якутия Оплата потребления электроэнергии ул. Октябрьская, 22",05 2023,11453.532
723,Электроэнергия,"134.1000.01 Якутия Оплата потребления электроэнергии ул. Октябрьская, 22",06 2023,11449.392
724,Электроэнергия,"134.1000.01 Якутия Оплата потребления электроэнергии ул. Октябрьская, 22",07 2023,11445.249
725,Электроэнергия,"134.1000.01 Якутия Оплата потребления электроэнергии ул. Октябрьская, 22",08 2023,11441.108
726,Электроэнергия,"134.1000.01 Якутия Оплата потребления электроэнергии ул. Кирова,17 М (гараж Литер Д1)",02 2023,3639.1804
727,Электроэнергия,"134.1000.01 Якутия Оплата потребления электроэнергии ул. Кирова,17 М (гараж Литер Д1)",03 2023,3634.0613
728,Электроэнергия,"134.1000.01 Якутия Оплата потребления электроэнергии ул. Кирова,17 М (гараж Литер Д1)",04 2023,3628.9429
729,Электроэнергия,"134.1000.01 Якутия Оплата потребления электроэнергии ул. Кирова,17 М (гараж Литер Д1)",05 2023,3623.8245
730,Электроэнергия,"134.1000.01 Якутия Оплата потребления электроэнергии ул. Кирова,17 М (гараж Литер Д1)",06 2023,3618.7058
731,Электроэнергия,"134.1000.01 Якутия Оплата потребления электроэнергии ул. Кирова,17 М (гараж Литер Д1)",07 2023,3613.5874
732,Электроэнергия,"134.1000.01 Якутия Оплата потребления электроэнергии ул. Кирова,17 М (гараж Литер Д1)",08 2023,3608.4692
733,Электроэнергия,"134.1000.01 Якутия Оплата потребления электроэнергии ул. Кирова,17 М (гараж Литер Д1)",09 2023,3603.35
734,Электроэнергия,"134.1000.01 Якутия Оплата потребления электроэнергии г. Ленск, Ленина,70",02 2023,9224.365
735,Электроэнергия,"134.1000.01 Якутия Оплата потребления электроэнергии г. Ленск, Ленина,70",03 2023,9219.247
736,Электроэнергия,"134.1000.01 Якутия Оплата потребления электроэнергии г. Ленск, Ленина,70",04 2023,9214.128
737,Электроэнергия,"134.1000.01 Якутия Оплата потребления электроэнергии г. Ленск, Ленина,70",05 2023,9209.01
738,Электроэнергия,"134.1000.01 Якутия Оплата потребления электроэнергии г. Ленск, Ленина,70",06 2023,9203.892
739,Электроэнергия,"134.1000.01 Якутия Оплата потребления электроэнергии г. Ленск, Ленина,70",07 2023,9198.771
740,Электроэнергия,"134.1000.01 Якутия Оплата потребления электроэнергии г. Ленск, Ленина,70",08 2023,9193.652
741,Электроэнергия,"134.1000.01 Якутия Оплата потребления электроэнергии г. Ленск, Ленина,70",09 2023,9188.534
742,Коммунальные услуги (расходы прошлых лет),"134.1000.05 Якутия. Оплата потребления электроэнергии г. Ленск Ленина, 70",01 2023,53.04492
743,Коммунальные услуги (расходы прошлых лет),"134.1000.05 Якутия. Оплата потребления электроэнергии г.Нерюнгри ул. Ленина,25",01 2023,234.91425
